1,1,Bulbasaur,Estándar,,,2,12,17,45,49,49,65,65,45,53,8.64,318,64,0,0,0,1,0,0
2,2,Ivysaur,Estándar,,,2,12,17,60,62,63,80,80,60,67.5,8.9,405,142,0,0,0,1,1,0
3,3,Venusaur,Estándar,,,2,12,17,80,82,83,100,100,80,87.5,8.9,525,236,0,0,0,2,1,0
4,4,Charmander,Estándar,,,1,7,NULL,39,52,43,60,50,65,51.5,9,309,62,0,0,0,0,0,1
5,5,Charmeleon,Estándar,,,1,7,NULL,58,64,58,80,65,80,67.5,9.23,405,142,0,0,0,1,0,1
6,6,Charizard,Estándar,,,2,7,18,78,84,78,109,85,100,89,11.58,534,240,0,0,0,3,0,0
7,7,Squirtle,Estándar,,,1,2,NULL,44,48,65,50,64,43,52.33,8.92,314,63,0,0,1,0,0,0
8,8,Wartortle,Estándar,,,1,2,NULL,59,63,80,65,80,58,67.5,9.14,405,142,0,0,1,0,1,0
9,9,Blastoise,Estándar,,,1,2,NULL,79,83,100,85,105,78,88.33,10.39,530,239,0,0,0,0,3,0
10,10,Caterpie,Estándar,,,1,3,NULL,45,30,35,20,20,45,32.5,10.31,195,39,1,0,0,0,0,0
11,11,Metapod,Estándar,,,1,3,NULL,50,20,55,25,25,30,34.17,13.36,205,72,0,0,2,0,0,0
12,12,Butterfree,Estándar,,,2,3,18,60,45,50,901,80,70,65.83,15.92,395,178,0,0,0,2,1,0
13,13,Weedle,Estándar,,,2,3,17,40,35,30,20,20,50,32.5,10.7,195,39,0,0,0,0,0,1
14,14,Kakuna,Estándar,,,2,3,17,45,25,50,25,25,35,34.17,10.17,205,72,0,0,2,0,0,0
15,15,Beedrill,Estándar,,,2,3,17,65,901,40,45,80,75,65.83,18.12,395,178,0,2,0,0,1,0
16,16,Pidgey,Estándar,,,2,11,18,40,45,40,35,35,56,41.83,7.2,251,50,0,0,0,0,0,1
17,17,Pidgeotto,Estándar,,,2,11,18,63,60,55,50,50,71,58.17,7.47,349,122,0,0,0,0,0,2
18,18,Pidgeot,Estándar,,,2,11,18,83,80,75,70,70,1012,79.83,10.61,479,216,0,0,0,0,0,3
19,19,Rattata,Estándar,,,1,11,NULL,30,56,35,25,35,72,42.17,16.47,253,51,0,0,0,0,0,1
20,19,Rattata,Región Alola,,,2,15,11,30,56,35,25,35,72,42.17,16.47,253,51,0,0,0,0,0,1
21,20,Raticate,Estándar,,,1,11,NULL,55,81,60,50,70,97,68.83,16.16,413,145,0,0,0,0,0,2
22,20,Raticate,Región Alola,,,2,15,11,75,71,70,40,80,77,68.83,13.33,413,145,0,0,0,0,0,2
23,21,Spearow,Estándar,,,2,11,18,40,60,30,31,31,70,43.67,15.71,262,52,0,0,0,0,0,1
24,22,Fearow,Estándar,,,2,11,18,65,90,65,61,61,100,73.67,15.45,442,155,0,0,0,0,0,2
25,23,Ekans,Estándar,,,1,17,NULL,35,60,44,40,54,55,48,8.93,288,58,0,1,0,0,0,0
26,24,Arbok,Estándar,,,1,17,NULL,60,953,69,65,79,80,74.67,11.56,448,157,0,2,0,0,0,0
27,25,Pikachu,Estándar,,,1,5,NULL,35,55,404,50,505,90,53.33,17.72,320,112,0,0,0,0,0,2
28,26,Raichu,Estándar,,,1,5,NULL,60,90,55,90,80,1106,80.83,18.8,485,218,0,0,0,0,0,3
29,26,Raichu,Región ALola,,,2,5,12,60,85,50,95,85,110,80.83,20.29,485,218,0,0,0,0,0,3
30,27,Sandshrew,Estándar,,,1,16,NULL,50,75,85,20,30,40,50,23.27,300,60,0,0,1,0,0,0
31,27,Sandshrew,Región Alola,,,2,9,1,50,75,90,10,35,40,50,26.3,300,60,0,0,1,0,0,0
32,28,Sandslash,Estándar,,,1,16,NULL,75,100,110,45,55,65,75,23.27,450,158,0,0,2,0,0,0
33,28,Sandslash,Región Alola,,,2,9,1,75,100,120,25,65,65,75,29.86,450,158,0,0,2,0,0,0
34,29,Nidoran,Hembra,,,1,17,NULL,55,47,52,40,40,41,45.83,5.98,275,55,1,0,0,0,0,0
35,30,Nidorina,Estándar,,,1,17,NULL,70,62,67,55,55,56,60.83,5.98,365,128,2,0,0,0,0,0
36,31,Nidoqueen,Estándar,,,2,17,16,90,927,87,75,85,76,84.17,6.52,505,227,3,0,0,0,0,0
37,32,Nidoran,Macho,,,1,17,NULL,46,57,40,40,40,50,45.5,6.37,273,55,0,1,0,0,0,0
38,33,Nidorino,Estándar,,,1,17,NULL,61,72,57,55,55,65,60.83,6.12,365,128,0,2,0,0,0,0
39,34,Nidoking,Estándar,,,2,17,16,81,1028,77,85,75,85,84.17,8.8,505,227,0,3,0,0,0,0
40,35,Clefairy,Estándar,,,1,8,NULL,70,45,48,60,65,35,53.83,12.18,323,113,2,0,0,0,0,0
41,36,Clefable,Estándar,,,1,8,NULL,95,70,73,959,90,60,80.5,13.52,483,217,3,0,0,0,0,0
42,37,Vulpix,Estándar,,,1,7,NULL,38,41,40,50,65,65,49.83,11.36,299,60,0,0,0,0,0,1
43,37,Vulpix,Región Alola,,,1,9,NULL,38,41,40,50,65,65,49.83,11.36,299,60,0,0,0,0,0,1
44,38,Ninetales,Estándar,,,1,7,NULL,73,76,75,81,100,100,84.17,11.45,505,177,0,0,0,1,0,1
45,38,Ninetales,Región Alola,,,2,9,8,73,67,75,81,100,109,84.17,15.17,505,177,0,0,0,0,0,2
46,39,Jigglypuff,Estándar,,,2,11,8,115,45,20,45,25,20,45,33.04,270,95,2,0,0,0,0,0
47,40,Wigglytuff,Estándar,,,2,11,8,140,70,45,85,50,45,72.5,33.51,435,196,3,0,0,0,0,0
48,41,Zubat,Estándar,,,2,17,18,40,45,35,30,40,55,40.83,7.86,245,49,0,0,0,0,0,1
49,42,Golbat,Estándar,,,2,17,18,75,80,70,65,75,90,75.83,7.86,455,159,0,0,0,0,0,2
50,43,Oddish,Estándar,,,2,12,17,45,50,55,75,65,30,53.33,14.34,320,64,0,0,0,1,0,0
51,44,Gloom,Estándar,,,2,12,17,60,65,70,85,75,40,65.83,13.97,395,138,0,0,0,2,0,0
52,45,Vileplume,Estándar,,,2,12,17,75,80,85,11,90,50,81.67,17.95,490,221,0,0,0,3,0,0
53,46,Paras,Estándar,,,2,3,12,35,70,55,45,55,25,47.5,14.65,285,57,0,1,0,0,0,0
54,47,Parasect,Estándar,,,2,3,12,60,95,80,60,80,30,67.5,20.77,405,142,0,2,1,0,0,0
55,48,Venonat,Estándar,,,2,3,17,60,55,50,40,55,45,50.83,6.72,305,61,0,0,0,0,1,0
56,49,Venomoth,Estándar,,,2,3,17,70,65,60,90,75,90,75,11.55,450,158,0,0,0,1,0,1
57,50,Diglett,Estándar,,,1,16,NULL,10,55,25,35,45,95,44.17,26.84,265,53,0,0,0,0,0,1
58,50,Diglett,Región Alola,,,2,16,1,10,55,30,35,45,90,44.17,24.73,265,53,0,0,0,0,0,1
59,51,Dugtrio,Estándar,,,1,16,NULL,35,10011,50,50,70,120,70.83,30.06,425,149,0,0,0,0,0,2
60,51,Dugtrio,Región Alola,,,2,16,1,35,100,60,50,70,110,70.83,26.52,425,149,0,2,0,0,0,0
61,52,Meowth,Estándar,,,1,11,NULL,40,45,35,40,40,90,48.33,18.86,290,58,0,0,0,0,0,1
62,52,Meowth,Región Alola,,,1,15,NULL,40,35,35,50,40,90,48.33,19.29,290,58,0,0,0,0,0,1
63,52,Meowth,Región Galar,,,1,1,NULL,50,65,55,40,40,40,48.33,9.43,290,58,0,1,0,0,0,0
64,53,Persian,Estándar,,,1,11,NULL,65,70,60,65,65,115,73.33,18.86,440,154,0,0,0,0,0,2
65,53,Persian,Región Alola,,,1,15,NULL,65,60,60,75,65,115,73.33,19.29,440,154,0,0,0,0,0,2
66,54,Psyduck,Estándar,,,1,2,NULL,50,52,48,65,50,55,53.33,5.65,320,80,0,0,0,1,0,0
67,55,Golduck,Estándar,,,1,2,NULL,80,82,78,95,80,85,83.33,5.65,500,174,0,0,0,2,0,0
68,56,Mankey,Estándar,,,1,10,NULL,40,80,35,35,45,70,50.83,17.66,305,74,0,1,0,0,0,0
69,57,Primeape,Estándar,,,1,10,NULL,65,105,60,60,70,95,75.83,17.66,455,149,0,2,0,0,0,0
70,58,Growlithe,Estándar,,,1,7,NULL,55,70,45,70,50,60,58.33,9.43,350,91,0,1,0,0,0,0
71,59,Arcanine,Estándar,,,1,7,NULL,90,110,80,100,80,95,92.5,10.7,555,213,0,2,0,0,0,0
72,60,Poliwag,Estándar,,,1,2,NULL,40,50,40,40,40,90,50,18.26,300,77,0,0,0,0,0,1
73,61,Poliwhirl,Estándar,,,1,2,NULL,65,65,65,50,50,90,64.17,13.36,385,131,0,0,0,0,0,2
74,62,Poliwrath,Estándar,,,2,2,10,90,959,95,70,90,70,85,10.8,510,185,0,0,3,0,0,0
75,63,Abra,Estándar,,,1,12,NULL,25,20,15,105,55,90,51.67,35.08,310,75,0,0,0,1,0,0
76,64,Kadabra,Estándar,,,1,12,NULL,40,35,30,120,70,105,66.67,35.08,400,145,0,0,0,2,0,0
77,65,Alakazam,Estándar,,,1,12,NULL,55,50,45,135,959,120,83.33,35.43,500,186,0,0,0,3,0,0
78,66,Machop,Estándar,,,1,10,NULL,70,80,50,35,35,35,50.83,18.12,305,75,0,1,0,0,0,0
79,67,Machoke,Estándar,,,1,10,NULL,80,100,70,50,60,45,67.5,18.65,405,146,0,2,0,0,0,0
80,68,Machamp,Estándar,,,1,10,NULL,90,130,80,65,85,55,84.17,23.7,505,193,0,3,0,0,0,0
81,69,Bellsprout,Estándar,,,2,12,17,50,75,35,70,30,40,50,17.08,300,84,0,1,0,0,0,0
82,70,Weepinbell,Estándar,,,2,12,17,65,90,50,85,45,55,65,17.08,390,151,0,2,0,0,0,0
83,71,Victreebel,Estándar,,,2,12,17,80,105,65,100,7013,70,81.67,15.46,490,191,0,3,0,0,0,0
84,72,Tentacool,Estándar,,,2,2,17,40,40,35,50,100,70,55.83,22.81,335,105,0,0,0,0,1,0
85,73,Tentacruel,Estándar,,,2,2,17,80,70,65,80,120,100,85.83,18.8,515,205,0,0,0,0,2,0
86,74,Geodude,Estándar,,,2,14,16,40,80,100,30,30,20,50,29.44,300,60,0,0,1,0,0,0
87,74,Geodude,Región Alola,,,2,14,5,40,80,100,30,30,20,50,29.44,300,60,0,0,1,0,0,0
88,75,Graveler,Estándar,,,2,14,16,55,95,115,45,45,35,65,29.44,390,137,0,0,2,0,0,0
89,75,Graveler,Región Alola,,,2,14,5,55,95,115,45,45,35,65,29.44,390,137,0,0,2,0,0,0
90,76,Golem,Estándar,,,2,14,16,80,12014,130,55,65,45,82.5,31.98,495,223,0,0,3,0,0,0
91,76,Golem,Región Alola,,,2,14,5,80,120,130,55,65,45,82.5,31.98,495,223,0,0,3,0,0,0
92,77,Ponyta,Estándar,,,1,7,NULL,50,85,55,65,65,90,68.33,14.62,410,82,0,0,0,0,0,1
93,77,Ponyta,Región Galar,,,1,12,NULL,50,85,55,65,65,90,68.33,14.62,410,82,0,0,0,0,0,1
94,78,Rapidash,Estándar,,,1,7,NULL,65,100,70,80,80,105,83.33,14.62,500,175,0,0,0,0,0,2
95,78,Rapidash,Región Galar,,,2,12,8,65,100,70,80,80,105,83.33,14.62,500,175,0,0,0,0,0,2
96,79,Slowpoke,Estándar,,,2,2,12,90,65,65,40,40,15,52.5,23.94,315,63,1,0,0,0,0,0
97,79,Slowpoke,Región Galar,,,1,12,NULL,90,65,65,40,40,15,52.5,23.94,315,63,1,0,0,0,0,0
98,80,Slowbro,Estándar,,,2,2,12,95,75,110,100,80,30,81.67,25.93,490,172,0,0,2,0,0,0
99,80,Slowbro,Región Galar,,,2,17,12,95,100,95,100,70,30,81.67,25.28,490,172,0,2,0,0,0,0
100,81,Magnemite,Estándar,,,2,5,1,25,35,70,95,55,45,54.17,23.17,325,89,0,0,0,1,0,0
101,82,Magneton,Estándar,,,2,5,1,50,60,95,120,70,70,77.5,23.41,465,161,0,0,0,2,0,0
102,83,Farfetch'd,Estándar,,,2,11,18,52,9015,55,58,62,60,62.83,12.58,377,132,0,1,0,0,0,0
103,83,Farfetch'd,Región Galar,,,1,10,NULL,52,95,55,58,62,55,62.83,14.71,377,132,0,1,0,0,0,0
104,84,Doduo,Estándar,,,2,11,18,35,85,45,35,35,75,51.67,20.55,310,96,0,1,0,0,0,0
105,85,Dodrio,Estándar,,,2,11,18,60,110,70,60,60,11016,78.33,22.67,470,158,0,2,0,0,0,0
106,86,Seel,Estándar,,,1,2,NULL,65,45,55,45,70,45,54.17,10.17,325,100,0,0,0,0,1,0
107,87,Dewgong,Estándar,,,2,2,9,90,70,80,70,95,70,79.17,10.17,475,176,0,0,0,0,2,0
108,88,Grimer,Estándar,,,1,17,NULL,80,80,50,40,50,25,54.17,20.09,325,65,1,0,0,0,0,0
109,88,Grimer,Región Alola,,,2,17,15,80,80,50,40,50,25,54.17,20.09,325,65,1,0,0,0,0,0
110,89,Muk,Estándar,,,1,17,NULL,105,105,75,65,100,50,83.33,21.34,500,175,1,1,0,0,0,0
111,89,Muk,Región Alola,,,2,17,15,105,105,75,65,100,50,83.33,21.34,500,175,1,1,0,0,0,0
112,90,Shellder,Estándar,,,1,2,NULL,30,65,100,45,25,40,50.83,25.4,305,97,0,0,1,0,0,0
113,91,Cloyster,Estándar,,,2,2,9,50,95,180,85,45,70,87.5,44.98,525,203,0,0,2,0,0,0
114,92,Gastly,Estándar,,,2,6,17,30,35,30,100,35,80,51.67,27.79,310,95,0,0,0,1,0,0
115,93,Haunter,Estándar,,,2,6,17,45,50,45,115,55,95,67.5,27.35,405,126,0,0,0,2,0,0
116,94,Gengar,Estándar,,,2,6,17,60,65,60,130,75,110,83.33,27.03,500,190,0,0,0,3,0,0
117,95,Onix,Estándar,,,2,14,16,35,45,160,30,45,70,64.17,44.67,385,108,0,0,1,0,0,0
118,96,Drowzee,Estándar,,,1,12,NULL,60,48,45,43,90,42,54.67,16.89,328,102,0,0,0,0,1,0
119,97,Hypno,Estándar,,,1,12,NULL,85,73,70,73,115,67,80.5,16.41,483,165,0,0,0,0,2,0
120,98,Krabby,Estándar,,,1,2,NULL,30,105,90,25,25,50,54.17,32.07,325,115,0,1,0,0,0,0
121,99,Kingler,Estándar,,,1,2,NULL,55,130,115,50,50,75,79.17,32.07,475,206,0,2,0,0,0,0
122,100,Voltorb,Estándar,,,1,5,NULL,40,30,50,55,55,100,55,21.98,330,103,0,0,0,0,0,1
123,101,Electrode,Estándar,,,1,5,NULL,60,50,70,80,80,15017,81.67,32.36,490,150,0,0,0,0,0,2
124,102,Exeggcute,Estándar,,,2,12,12,60,40,80,60,45,40,54.17,14.26,325,98,0,0,1,0,0,0
125,103,Exeggutor,Región Alola,,,2,12,12,95,95,85,125,7515,55,88.33,21.34,530,186,0,0,0,2,0,0
126,103,Exeggutor,Estándar,,,2,12,4,95,105,85,125,75,45,88.33,24.94,530,186,0,0,0,2,0,0
127,104,Cubone,Estándar,,,1,16,NULL,50,50,95,40,50,35,53.33,19.51,320,87,0,0,1,0,0,0
128,105,Marowak,Estándar,,,1,16,NULL,60,80,110,50,80,45,70.83,22.06,425,149,0,0,2,0,0,0
129,105,Marowak,Región Alola,,,2,7,6,60,80,110,50,80,45,70.83,22.06,425,149,0,0,2,0,0,0
130,106,Hitmonlee,Estándar,,,1,10,NULL,50,120,53,35,110,87,75.83,31.88,455,139,0,2,0,0,0,0
131,107,Hitmonchan,Estándar,,,1,10,NULL,50,105,79,35,110,76,75.83,26.97,455,140,0,0,0,0,2,0
132,108,Lickitung,Estándar,,,1,11,NULL,90,55,75,60,75,30,64.17,19.02,385,127,2,0,0,0,0,0
133,109,Koffing,Estándar,,,1,17,NULL,40,65,95,60,45,35,56.67,20.14,340,114,0,0,1,0,0,0
134,110,Weezing,Región Galar,,,1,17,NULL,65,90,120,85,70,60,81.67,20.14,490,172,0,0,2,0,0,0
135,110,Weezing ,Estándar,,,2,17,8,65,90,120,85,70,60,81.67,20.14,490,172,0,0,2,0,0,0
136,111,Rhyhorn,Estándar,,,2,16,14,80,85,95,30,30,25,57.5,29.55,345,135,0,0,1,0,0,0
137,112,Rhydon,Estándar,,,2,16,14,105,130,120,45,45,40,80.83,38.23,485,204,0,2,0,0,0,0
138,113,Chansey,Estándar,,,1,11,NULL,250,5,5,35,105,50,75,85.2,450,255,2,0,0,0,0,0
139,114,Tangela,Estándar,,,1,12,NULL,65,55,115,100,40,60,72.5,26.26,435,166,0,0,1,0,0,0
140,115,Kangaskhan,Estándar,,,1,11,NULL,105,95,80,40,80,90,81.67,20.55,490,175,2,0,0,0,0,0
141,116,Horsea,Estándar,,,1,2,NULL,30,40,70,70,25,60,49.17,18.35,295,83,0,0,0,1,0,0
142,117,Seadra,Estándar,,,1,2,NULL,55,65,95,95,45,85,73.33,19.51,440,155,0,0,1,1,0,0
143,118,Goldeen,Estándar,,,1,2,NULL,45,67,60,35,50,63,53.33,11.12,320,111,0,1,0,0,0,0
144,119,Seaking,Estándar,,,1,2,NULL,80,92,65,65,80,68,75,9.9,450,170,0,2,0,0,0,0
145,120,Staryu,Estándar,,,1,2,NULL,30,45,55,70,55,85,56.67,17.48,340,106,0,0,0,0,0,1
146,121,Starmie,Estándar,,,2,2,12,60,75,85,100,85,115,86.67,17.48,520,207,0,0,0,0,0,2
147,122,Mr. Mime,Estándar,,,2,12,8,40,45,65,100,120,90,76.67,29.11,460,161,0,0,0,0,2,0
148,122,Mr. Mime,Región Galar,,,2,9,12,50,65,65,90,90,100,76.67,17.72,460,161,0,0,0,0,0,2
149,123,Scyther,Estándar,,,2,3,18,70,110,80,55,80,105,83.33,19.08,500,187,0,1,0,0,0,0
150,124,Jynx,Estándar,,,2,9,12,65,50,35,115,95,95,75.83,28.05,455,137,0,0,0,2,0,0
151,125,Electabuzz,Estándar,,,1,5,NULL,65,83,57,95,85,105,81.67,16.44,490,156,0,0,0,0,0,2
152,126,Magmar,Estándar,,,1,7,NULL,65,95,57,100,85,93,82.5,16,495,167,0,0,0,2,0,0
153,127,Pinsir,Estándar,,,1,3,NULL,65,125,100,55,70,85,83.33,23.57,500,200,0,2,0,0,0,0
154,128,Tauros,Estándar,,,1,11,NULL,75,100,95,40,70,110,81.67,23.21,490,211,0,1,0,0,0,1
155,129,Magikarp,Estándar,,,1,2,NULL,20,10,55,15,20,80,33.33,25.44,200,20,0,0,0,0,0,1
156,130,Gyarados,Estándar,,,2,2,18,95,125,79,60,100,81,90,20.22,540,214,0,2,0,0,0,0
157,131,Lapras,Estándar,,,2,2,9,130,85,80,85,95,60,89.17,21.1,535,219,2,0,0,0,0,0
158,132,Ditto,Estándar,,,1,11,NULL,48,48,48,48,48,48,48,0,288,61,1,0,0,0,0,0
159,133,Eevee,Estándar,,,1,11,NULL,55,55,50,45,65,55,54.17,6.07,325,92,0,0,0,0,1,0
160,134,Vaporeon,Estándar,,,1,2,NULL,130,65,60,110,95,65,87.5,26.26,525,196,2,0,0,0,0,0
161,135,Jolteon,Estándar,,,1,5,NULL,65,65,60,110,95,130,87.5,26.26,525,197,0,0,0,0,0,2
162,136,Flareon,Estándar,,,1,7,NULL,65,130,60,95,110,65,87.5,26.26,525,198,0,2,0,0,0,0
163,137,Porygon,Estándar,,,1,11,NULL,65,60,70,85,75,40,65.83,13.97,395,130,0,0,0,1,0,0
164,138,Omanyte,Estándar,,,2,14,2,35,40,100,90,55,35,59.17,26.37,355,99,0,0,1,0,0,0
165,139,Omastar,Estándar,,,2,14,2,70,60,125,115,70,55,82.5,27.2,495,199,0,0,2,0,0,0
166,140,Kabuto,Estándar,,,2,14,2,30,80,90,55,45,55,59.17,20.29,355,99,0,0,1,0,0,0
167,141,Kabutops,Estándar,,,2,14,2,60,115,105,65,70,80,82.5,20.56,495,199,0,2,0,0,0,0
168,142,Aerodactyl,Estándar,,,2,14,18,80,105,65,60,75,130,85.83,24.4,515,202,0,0,0,0,0,2
169,143,Snorlax,Estándar,,,1,11,NULL,160,110,65,65,110,30,90,41.93,540,154,2,0,0,0,0,0
170,144,Articuno,Estándar,,,2,9,18,90,85,100,95,125,85,96.67,13.74,580,261,0,0,0,0,3,0
171,144,Articuno,Región Galar,,,2,12,18,90,85,85,125,100,95,96.67,13.74,580,261,0,0,0,3,0,0
172,145,Zapdos,Estándar,,,2,5,18,90,90,85,125,90,100,96.67,13.44,580,261,0,0,0,3,0,0
173,145,Zapdos,Región Galar,,,2,10,18,90,125,90,85,90,100,96.67,13.44,580,261,0,3,0,0,0,0
174,146,Moltres,Estándar,,,2,7,18,90,100,90,125,85,90,96.67,13.44,580,261,0,0,0,3,0,0
175,146,Moltres,Región Galar,,,2,15,18,90,85,90,100,125,90,96.67,13.44,580,261,0,0,0,0,3,0
176,147,Dratini,Estándar,,,1,4,NULL,41,64,45,50,50,50,50,7.09,300,67,0,1,0,0,0,0
177,148,Dragonair,Estándar,,,1,4,NULL,61,84,65,70,70,70,70,7.09,420,144,0,2,0,0,0,0
178,149,Dragonite,Estándar,,,2,4,18,91,134,95,100,100,80,100,16.64,600,218,0,3,0,0,0,0
179,150,Mewtwo,Estándar,,,1,12,NULL,106,110,90,154,90,130,113.33,22.68,680,220,0,0,0,3,0,0
180,151,Mew,Estándar,,,1,12,NULL,100,100,100,100,100,100,100,0,600,64,3,0,0,0,0,0
181,152,Chikorita,Estándar,,,1,12,NULL,45,49,65,49,65,45,53,8.64,318,64,0,0,0,0,1,0
182,153,Bayleef,Estándar,,,1,12,NULL,60,62,80,63,80,60,67.5,8.9,405,141,0,0,1,0,1,0
183,154,Meganium,Estándar,,,1,12,NULL,80,82,100,83,100,80,87.5,8.9,525,208,0,0,1,0,2,0
184,155,Cyndaquil,Estándar,,,1,7,NULL,39,52,43,60,50,65,51.5,9,309,65,0,0,0,0,0,1
185,156,Quilava,Estándar,,,1,7,NULL,58,64,58,80,65,80,67.5,9.23,405,142,0,0,0,1,0,1
186,157,Typhlosion,Estándar,,,1,7,NULL,78,84,78,109,85,100,89,11.58,534,209,0,0,0,3,0,0
187,158,Totodile,Estándar,,,1,2,NULL,50,65,64,44,48,43,52.33,8.92,314,66,0,1,0,0,0,0
188,159,Croconaw,Estándar,,,1,2,NULL,65,80,80,59,63,58,67.5,9.14,405,143,0,1,1,0,0,0
189,160,Feraligatr,Estándar,,,1,2,NULL,85,105,100,79,83,78,88.33,10.39,530,210,0,2,1,0,0,0
190,161,Sentret,Estándar,,,1,11,NULL,35,46,34,35,45,20,35.83,8.59,215,57,0,1,0,0,0,0
191,162,Furret,Estándar,,,1,11,NULL,85,76,64,45,55,90,69.17,16.04,415,116,0,0,0,0,0,2
192,163,Hoothoot,Estándar,,,2,11,18,60,30,30,36,56,50,43.67,12.19,262,58,1,0,0,0,0,0
193,164,Noctowl,Estándar,,,2,11,18,100,50,50,8618,96,70,75.33,20.25,452,162,2,0,0,0,0,0
194,165,Ledyba,Estándar,,,2,3,18,40,20,30,40,80,55,44.17,19.24,265,54,0,0,0,0,1,0
195,166,Ledian,Estándar,,,2,3,18,55,35,50,55,110,85,65,25,390,134,0,0,0,0,2,0
196,167,Spinarak,Estándar,,,2,3,17,40,60,40,40,40,30,41.67,8.98,250,54,0,1,0,0,0,0
197,168,Ariados,Estándar,,,2,3,17,70,90,70,60,7019,40,66.67,14.91,400,134,0,2,0,0,0,0
198,169,Crobat,Estándar,,,2,17,18,85,90,80,70,80,130,89.17,19.24,535,204,0,0,0,0,0,3
199,170,Chinchou,Estándar,,,2,2,5,75,38,38,56,56,67,55,13.69,330,90,1,0,0,0,0,0
200,171,Lanturn,Estándar,,,2,2,5,125,58,58,76,76,67,76.67,22.83,460,156,2,0,0,0,0,0
201,172,Pichu,Estándar,,,1,5,NULL,20,40,15,35,35,60,34.17,14.55,205,42,0,0,0,0,0,1
202,173,Cleffa,Estándar,,,1,8,NULL,50,25,28,45,55,15,36.33,14.51,218,37,0,0,0,0,1,0
203,174,Igglybuff,Estándar,,,2,11,8,90,30,15,40,20,15,35,26.14,210,39,1,0,0,0,0,0
204,175,Togepi,Estándar,,,1,8,NULL,35,20,65,40,65,20,40.83,18.58,245,74,0,0,0,0,1,0
205,176,Togetic,Estándar,,,2,8,18,55,40,85,80,105,40,67.5,24.28,405,114,0,0,0,0,2,0
206,177,Natu,Estándar,,,2,12,18,40,50,45,70,45,70,53.33,12.13,320,73,0,0,0,1,0,0
207,178,Xatu,Estándar,,,2,12,18,65,75,70,95,70,95,78.33,12.13,470,171,0,0,0,1,0,1
208,179,Mareep,Estándar,,,1,5,NULL,55,40,40,65,45,35,46.67,10.27,280,59,0,0,0,1,0,0
209,180,Flaaffy,Estándar,,,1,5,NULL,70,55,55,80,60,45,60.83,11.33,365,117,0,0,0,2,0,0
210,181,Ampharos,Estándar,,,1,5,NULL,90,75,8510,115,90,55,85,18.03,510,194,0,0,0,3,0,0
211,182,Bellossom,Estándar,,,1,12,NULL,75,80,959,90,100,50,81.67,16.5,490,184,0,0,0,0,3,0
212,183,Marill,Estándar,,,2,2,8,70,20,50,20,50,40,41.67,17.72,250,58,2,0,0,0,0,0
213,184,Azumarill,Estándar,,,2,2,8,100,50,80,6020,80,50,70,18.26,420,153,3,0,0,0,0,0
214,185,Sudowoodo,Estándar,,,1,14,NULL,70,100,115,30,65,30,68.33,31.97,410,135,0,0,2,0,0,0
215,186,Politoed,Estándar,,,1,2,NULL,90,75,75,90,100,70,83.33,10.67,500,185,0,0,0,0,3,0
216,187,Hoppip,Estándar,,,2,12,18,35,35,40,35,55,50,41.67,7.99,250,74,0,0,0,0,1,0
217,188,Skiploom,Estándar,,,2,12,18,55,45,50,45,65,80,56.67,12.47,340,136,0,0,0,0,0,2
218,189,Jumpluff,Estándar,,,2,12,18,75,55,70,55,959,110,76.67,20.14,460,176,0,0,0,0,0,3
219,190,Aipom,Estándar,,,1,11,NULL,55,70,55,40,55,85,60,14.14,360,94,0,0,0,0,0,1
220,191,Sunkern,Estándar,,,1,12,NULL,30,30,30,30,30,30,30,0,180,52,0,0,0,1,0,0
221,192,Sunflora,Estándar,,,1,12,NULL,75,75,55,105,85,30,70.83,23.53,425,146,0,0,0,2,0,0
222,193,Yanma,Estándar,,,2,3,18,65,65,45,75,45,95,65,17.32,390,147,0,0,0,0,0,1
223,194,Wooper,Estándar,,,2,2,16,55,45,45,25,25,15,35,14.14,210,52,1,0,0,0,0,0
224,195,Quagsire,Estándar,,,2,2,16,95,85,85,65,65,35,71.67,19.72,430,137,2,0,0,0,0,0
225,196,Espeon,Estándar,,,1,12,NULL,65,65,60,130,95,110,87.5,26.26,525,197,0,0,0,2,0,0
226,197,Umbreon,Estándar,,,1,15,NULL,95,65,110,60,130,65,87.5,26.26,525,197,0,0,0,0,2,0
227,198,Murkrow,Estándar,,,2,15,18,60,85,42,85,42,91,67.5,20.5,405,107,0,0,0,0,0,1
228,199,Slowking,Estándar,,,2,2,12,95,75,80,100,110,30,81.67,25.93,490,172,0,0,0,0,3,0
229,199,Slowking,Región Galar,,,2,17,12,95,65,80,110,110,30,81.67,28.09,490,172,0,0,0,0,2,0
230,200,Misdreavus,Estándar,,,1,6,NULL,60,60,60,85,85,85,72.5,12.5,435,147,0,0,0,0,1,0
231,201,Unown,Estándar,,,1,12,NULL,48,72,48,72,48,48,56,11.31,336,61,0,1,0,1,0,0
232,202,Wobbuffet,Estándar,,,1,12,NULL,190,33,58,33,58,33,67.5,55.91,405,177,2,0,0,0,0,0
233,203,Girafarig,Estándar,,,2,11,12,70,80,65,90,65,85,75.83,9.75,455,149,0,0,0,2,0,0
234,204,Pineco,Estándar,,,1,3,NULL,50,65,90,35,35,15,48.33,24.09,290,60,0,0,1,0,0,0
235,205,Forretress,Estándar,,,2,3,1,75,90,140,60,60,40,77.5,31.85,465,118,0,0,2,0,0,0
236,206,Dunsparce,Estándar,,,1,11,NULL,100,70,70,65,65,45,69.17,16.18,415,125,1,0,0,0,0,0
237,207,Gligar,Estándar,,,2,16,18,65,75,105,35,65,85,71.67,21.34,430,108,0,0,1,0,0,0
238,208,Steelix,Estándar,,,2,1,16,75,85,200,55,65,30,85,54.24,510,196,0,0,2,0,0,0
239,209,Snubbull,Estándar,,,1,8,NULL,60,80,50,40,40,30,50,16.33,300,63,0,1,0,0,0,0
240,210,Granbull,Estándar,,,1,8,NULL,90,120,75,60,60,45,75,24.49,450,178,0,2,0,0,0,0
241,211,Qwilfish,Estándar,,,2,2,17,65,95,8521,55,55,85,73.33,15.72,440,100,0,1,0,0,0,0
242,212,Scizor,Estándar,,,2,3,1,70,130,100,55,80,65,83.33,25.11,500,200,0,2,0,0,0,0
243,213,Shuckle,Estándar,,,2,3,14,20,10,230,10,230,5,84.17,103.22,505,80,0,0,1,0,1,0
244,214,Heracross,Estándar,,,2,3,10,80,125,75,40,95,85,83.33,25.28,500,200,0,2,0,0,0,0
245,215,Sneasel,Estándar,,,2,15,9,55,95,55,35,75,115,71.67,26.87,430,132,0,0,0,0,0,1
246,216,Teddiursa,Estándar,,,1,11,NULL,60,80,50,50,50,40,55,12.58,330,124,0,1,0,0,0,0
247,217,Ursaring,Estándar,,,1,11,NULL,90,130,75,75,75,55,83.33,23.21,500,189,0,2,0,0,0,0
248,218,Slugma,Estándar,,,1,7,NULL,40,40,40,70,40,20,41.67,14.62,250,78,0,0,0,1,0,0
249,219,Magcargo,Estándar,,,2,7,14,50,6022,120,9011,80,30,71.67,29.11,430,154,0,0,2,0,0,0
250,220,Swinub,Estándar,,,2,9,16,50,50,40,30,30,50,41.67,8.98,250,78,0,1,0,0,0,0
251,221,Piloswine,Estándar,,,2,9,16,100,100,80,60,60,50,75,19.79,450,160,1,1,0,0,0,0
252,222,Corsola,Estándar,,,2,2,14,6523,55,953,65,953,35,68.33,21.34,410,144,0,0,1,0,1,0
253,222,Corsola,Región Galar,,,1,6,NULL,60,55,100,65,100,30,68.33,24.94,410,144,0,0,0,0,1,0
254,223,Remoraid,Estándar,,,1,2,NULL,35,65,35,65,35,65,50,15,300,78,0,0,0,1,0,0
255,224,Octillery,Estándar,,,1,2,NULL,75,105,75,105,75,45,80,20.62,480,164,0,1,0,1,0,0
256,225,Delibird,Estándar,,,2,9,18,45,55,45,65,45,75,55,11.55,330,183,0,0,0,0,0,1
257,226,Mantine,Estándar,,,2,2,18,8515,40,70,80,140,70,80.83,30.06,485,168,0,0,0,0,2,0
258,227,Skarmory,Estándar,,,2,1,18,65,80,140,40,70,70,77.5,30.52,465,168,0,0,2,0,0,0
259,228,Houndour,Estándar,,,2,15,7,45,60,30,80,50,65,55,15.81,330,114,0,0,0,1,0,0
260,229,Houndoom,Estándar,,,2,15,7,75,90,50,110,80,95,83.33,18.63,500,204,0,0,0,2,0,0
261,230,Kingdra,Estándar,,,2,2,4,75,95,95,95,95,85,90,7.64,540,207,0,1,0,1,1,0
262,231,Phanpy,Estándar,,,1,16,NULL,90,60,60,40,40,40,55,18.03,330,124,1,0,0,0,0,0
263,232,Donphan,Estándar,,,1,16,NULL,90,120,120,60,60,50,83.33,28.67,500,189,0,1,1,0,0,0
264,233,Porygon2,Estándar,,,1,11,NULL,85,80,90,105,95,60,85.83,13.97,515,180,0,0,0,2,0,0
265,234,Stantler,Estándar,,,1,11,NULL,73,95,62,85,65,85,77.5,11.8,465,165,0,1,0,0,0,0
266,235,Smeargle,Estándar,,,1,11,NULL,55,20,35,20,45,75,41.67,19.51,250,106,0,0,0,0,0,1
267,236,Tyrogue,Estándar,,,1,10,NULL,35,35,35,35,35,35,35,0,210,91,0,1,0,0,0,0
268,237,Hitmontop,Estándar,,,1,10,NULL,50,95,95,35,110,70,75.83,26.68,455,138,0,0,0,0,2,0
269,238,Smoochum,Estándar,,,2,9,12,45,30,15,85,65,65,50.83,23.53,305,87,0,0,0,1,0,0
270,239,Elekid,Estándar,,,1,5,NULL,45,63,37,65,55,95,60,18.43,360,106,0,0,0,0,0,1
271,240,Magby,Estándar,,,1,7,NULL,45,75,37,70,55,83,60.83,16.48,365,117,0,0,0,0,0,1
272,241,Miltank,Estándar,,,1,11,NULL,95,80,105,40,70,100,81.67,22.11,490,200,0,0,2,0,0,0
273,242,Blissey,Estándar,,,1,11,NULL,255,10,10,75,135,55,90,85.15,540,255,3,0,0,0,0,0
274,243,Raikou,Estándar,,,1,5,NULL,90,85,75,115,100,115,96.67,14.91,580,216,0,0,0,1,0,2
275,244,Entei,Estándar,,,1,7,NULL,115,115,85,90,75,100,96.67,14.91,580,217,1,2,0,0,0,0
276,245,Suicune,Estándar,,,1,2,NULL,100,75,115,90,115,85,96.67,14.91,580,215,0,0,1,0,2,0
277,246,Larvitar,Estándar,,,2,14,16,50,64,50,45,50,41,50,7.09,300,67,0,1,0,0,0,0
278,247,Pupitar,Estándar,,,2,14,16,70,84,70,65,70,51,68.33,9.71,410,144,0,2,0,0,0,0
279,248,Tyranitar,Estándar,,,2,14,15,100,134,110,95,100,61,100,21.61,600,218,0,3,0,0,0,0
280,249,Lugia,Estándar,,,2,12,18,106,90,130,90,154,110,113.33,22.68,680,220,0,0,0,0,3,0
281,250,Ho-Oh,Estándar,,,2,7,18,106,130,90,110,154,90,113.33,22.68,680,220,0,0,0,0,3,0
282,251,Celebi,Estándar,,,2,12,12,100,100,100,100,100,100,100,0,600,64,3,0,0,0,0,0
283,252,Treecko,Estándar,,,1,12,NULL,40,45,35,65,55,70,51.67,12.8,310,65,0,0,0,0,0,1
284,253,Grovyle,Estándar,,,1,12,NULL,50,65,45,85,65,95,67.5,17.74,405,141,0,0,0,0,0,2
285,254,Sceptile,Estándar,,,1,12,NULL,70,85,65,105,85,120,88.33,19.08,530,208,0,0,0,0,0,3
286,255,Torchic,Estándar,,,1,7,NULL,45,60,40,70,50,45,51.67,10.27,310,65,0,0,0,1,0,0
287,256,Combusken,Estándar,,,2,7,10,60,85,60,85,60,55,67.5,12.5,405,142,0,1,0,1,0,0
288,257,Blaziken,Estándar,,,2,7,10,80,120,70,110,70,80,88.33,19.51,530,209,0,3,0,0,0,0
289,258,Mudkip,Estándar,,,1,2,NULL,50,70,50,50,50,40,51.67,8.98,310,65,0,1,0,0,0,0
290,259,Marshtomp,Estándar,,,2,2,16,70,85,70,60,70,50,67.5,10.7,405,143,0,2,0,0,0,0
291,260,Swampert,Estándar,,,2,2,16,100,110,90,85,90,60,89.17,15.39,535,210,0,3,0,0,0,0
292,261,Poochyena,Estándar,,,1,15,NULL,35,55,35,30,30,35,36.67,8.5,220,55,0,1,0,0,0,0
293,262,Mightyena,Estándar,,,1,15,NULL,70,90,70,60,60,70,70,10,420,128,0,2,0,0,0,0
294,263,Zigzagoon,Estándar,,,1,11,NULL,38,30,41,30,41,60,40,10.05,240,56,0,0,0,0,0,1
295,263,Zigzagoon,Región Galar,,,2,15,11,38,30,41,30,41,60,40,10.05,240,56,0,0,0,0,0,1
296,264,Linoone,Estándar,,,1,11,NULL,78,70,61,50,61,100,70,15.95,420,147,0,0,0,0,0,2
297,264,Linoone,Región Galar,,,2,15,11,78,70,61,50,61,100,70,15.95,420,147,0,0,0,0,0,2
298,265,Wurmple,Estándar,,,1,3,NULL,45,45,35,20,30,20,32.5,10.31,195,54,1,0,0,0,0,0
299,266,Silcoon,Estándar,,,1,3,NULL,50,35,55,25,25,15,34.17,14.26,205,72,0,0,2,0,0,0
300,267,Beautifly,Estándar,,,2,3,18,60,70,50,10024,50,65,65.83,16.94,395,161,0,0,0,3,0,0
301,268,Cascoon,Estándar,,,1,3,NULL,50,35,55,25,25,15,34.17,14.26,205,72,0,0,2,0,0,0
302,269,Dustox,Estándar,,,2,3,17,60,50,70,50,90,65,64.17,13.67,385,161,0,0,0,0,3,0
303,270,Lotad,Estándar,,,2,2,12,40,30,30,40,50,30,36.67,7.45,220,74,0,0,0,0,1,0
304,271,Lombre,Estándar,,,2,2,12,60,50,50,60,70,50,56.67,7.45,340,141,0,0,0,0,2,0
305,272,Ludicolo,Estándar,,,2,2,12,80,70,70,90,100,70,80,11.55,480,181,0,0,0,0,3,0
306,273,Seedot,Estándar,,,1,12,NULL,40,40,50,30,30,30,36.67,7.45,220,74,0,0,1,0,0,0
307,274,Nuzleaf,Estándar,,,2,12,15,70,70,40,60,40,60,56.67,12.47,340,141,0,2,0,0,0,0
308,275,Shiftry,Estándar,,,2,12,15,90,100,60,90,60,80,80,15.28,480,181,0,3,0,0,0,0
309,276,Taillow,Estándar,,,2,11,18,40,55,30,30,30,85,45,20,270,59,0,0,0,0,0,1
310,277,Swellow,Estándar,,,2,11,18,60,85,60,7522,50,125,75.83,24.73,455,162,0,0,0,0,0,2
311,278,Wingull,Estándar,,,2,2,18,40,30,30,55,30,85,45,20,270,64,0,0,0,0,0,1
312,279,Pelipper,Estándar,,,2,2,18,60,50,100,953,70,65,73.33,18.18,440,164,0,0,2,0,0,0
313,280,Ralts,Estándar,,,2,12,8,28,25,25,45,35,40,33,7.64,198,70,0,0,0,1,0,0
314,281,Kirlia,Estándar,,,2,12,8,38,35,35,65,55,50,46.33,11.28,278,140,0,0,0,2,0,0
315,282,Gardevoir,Estándar,,,2,12,8,68,65,65,125,115,80,86.33,24.51,518,208,0,0,0,3,0,0
316,283,Surskit,Estándar,,,2,3,2,40,30,32,50,52,65,44.83,12.2,269,63,0,0,0,0,0,1
317,284,Masquerain,Estándar,,,2,3,18,70,60,62,10011,82,8019,75.67,13.63,454,128,0,0,0,1,1,0
318,285,Shroomish,Estándar,,,1,12,NULL,60,40,60,40,60,35,49.17,10.96,295,65,1,0,0,0,0,0
319,286,Breloom,Estándar,,,2,12,10,60,130,80,60,60,70,76.67,24.94,460,165,0,2,0,0,0,0
320,287,Slakoth,Estándar,,,1,11,NULL,60,60,60,35,35,30,46.67,13.44,280,83,1,0,0,0,0,0
321,288,Vigoroth,Estándar,,,1,11,NULL,80,80,80,55,55,90,73.33,13.44,440,126,0,0,0,0,0,2
322,289,Slaking,Estándar,,,1,11,NULL,150,160,100,95,65,100,111.67,33,670,210,3,0,0,0,0,0
323,290,Nincada,Estándar,,,2,3,16,31,45,90,30,30,40,44.33,21.19,266,65,0,0,1,0,0,0
324,291,Ninjask,Estándar,,,2,3,18,61,90,45,50,50,160,76,40.39,456,155,0,0,0,0,0,2
325,292,Shedinja,Estándar,,,2,3,6,1,90,45,30,30,40,39.33,26.59,236,95,2,0,0,0,0,0
326,293,Whismur,Estándar,,,1,11,NULL,64,51,23,51,23,28,40,16.02,240,68,1,0,0,0,0,0
327,294,Loudred,Estándar,,,1,11,NULL,84,71,43,71,43,48,60,16.02,360,126,2,0,0,0,0,0
328,295,Exploud,Estándar,,,1,11,NULL,104,91,63,91,7325,68,81.67,14.62,490,184,3,0,0,0,0,0
329,296,Makuhita,Estándar,,,1,10,NULL,72,60,30,20,30,25,39.5,19.35,237,87,1,0,0,0,0,0
330,297,Hariyama,Estándar,,,1,10,NULL,144,120,60,40,60,50,79,38.71,474,184,2,0,0,0,0,0
331,298,Azurill,Estándar,,,2,11,8,50,20,40,20,40,20,31.67,12.13,190,33,1,0,0,0,0,0
332,299,Nosepass,Estándar,,,1,14,NULL,30,45,135,45,90,30,62.5,38.16,375,108,0,0,1,0,0,0
333,300,Skitty,Estándar,,,1,11,NULL,50,45,45,35,35,50,43.33,6.24,260,65,0,0,0,0,0,1
334,301,Delcatty,Estándar,,,1,11,NULL,70,65,65,55,55,9026,66.67,11.79,400,138,1,0,0,0,0,1
335,302,Sableye,Estándar,,,2,15,6,50,75,75,65,65,50,63.33,10.27,380,98,0,1,1,0,0,0
336,303,Mawile,Estándar,,,2,1,8,50,85,85,55,55,50,63.33,15.46,380,98,0,1,1,0,0,0
337,304,Aron,Estándar,,,2,1,14,50,70,100,40,40,30,55,23.63,330,96,0,0,1,0,0,0
338,305,Lairon,Estándar,,,2,1,14,60,90,140,50,50,40,71.67,34.36,430,152,0,0,2,0,0,0
339,306,Aggron,Estándar,,,2,1,14,70,110,180,60,60,50,88.33,45.25,530,205,0,0,3,0,0,0
340,307,Meditite,Estándar,,,2,10,12,30,40,55,40,55,60,46.67,10.67,280,91,0,0,0,0,0,1
341,308,Medicham,Estándar,,,2,10,12,60,60,75,60,75,80,68.33,8.5,410,153,0,0,0,0,0,2
342,309,Electrike,Estándar,,,1,5,NULL,40,45,40,65,40,65,49.17,11.33,295,104,0,0,0,0,0,1
343,310,Manectric,Estándar,,,1,5,NULL,70,75,60,105,60,105,79.17,19.02,475,168,0,0,0,0,0,2
344,311,Plusle,Estándar,,,1,5,NULL,60,50,40,85,75,95,67.5,19.31,405,120,0,0,0,0,0,1
345,312,Minun,Estándar,,,1,5,NULL,60,40,50,75,85,95,67.5,19.31,405,120,0,0,0,0,0,1
346,313,Volbeat,Estándar,,,1,3,NULL,65,73,7523,47,8521,85,71.67,13.05,430,146,0,0,0,0,0,1
347,314,Illumise,Estándar,,,1,3,NULL,65,47,7523,73,8521,85,71.67,13.05,430,146,0,0,0,0,0,1
348,315,Roselia,Estándar,,,2,12,17,50,60,45,100,80,65,66.67,19.51,400,152,0,0,0,21,0,0
349,316,Gulpin,Estándar,,,1,17,NULL,70,43,53,43,53,40,50.33,10.13,302,75,1,0,0,0,0,0
350,317,Swalot,Estándar,,,1,17,NULL,100,73,83,73,83,55,77.83,13.62,467,168,2,0,0,0,0,0
351,318,Carvanha,Estándar,,,2,2,15,45,90,20,65,20,65,50.83,25.4,305,88,0,1,0,0,0,0
352,319,Sharpedo,Estándar,,,2,2,15,70,120,40,95,40,95,76.67,29.67,460,175,0,2,0,0,0,0
353,320,Wailmer,Estándar,,,1,2,NULL,130,70,35,70,35,60,66.67,31.84,400,137,1,0,0,0,0,0
354,321,Wailord,Estándar,,,1,2,NULL,170,90,45,90,45,60,83.33,42.98,500,206,2,0,0,0,0,0
355,322,Numel,Estándar,,,2,7,16,60,60,40,65,45,35,50.83,11.33,305,88,0,0,0,1,0,0
356,323,Camerupt,Estándar,,,2,7,16,70,100,70,105,75,40,76.67,21.54,460,175,0,1,0,1,0,0
357,324,Torkoal,Estándar,,,1,7,NULL,70,85,140,85,70,20,78.33,35.2,470,161,0,0,2,0,0,0
358,325,Spoink,Estándar,,,1,12,NULL,60,25,35,70,80,60,55,19.15,330,89,0,0,0,0,1,0
359,326,Grumpig,Estándar,,,1,12,NULL,80,45,65,90,110,80,78.33,20.14,470,164,0,0,0,0,2,0
360,327,Spinda,Estándar,,,1,11,NULL,60,60,60,60,60,60,60,0,360,85,0,0,0,1,0,0
361,328,Trapinch,Estándar,,,1,16,NULL,45,100,45,45,45,10,48.33,26.4,290,73,0,1,0,0,0,0
362,329,Vibrava,Estándar,,,2,16,4,50,70,50,50,50,70,56.67,9.43,340,126,0,1,0,0,0,1
363,330,Flygon,Estándar,,,2,16,4,80,100,80,80,80,100,86.67,9.43,520,197,0,1,0,0,0,2
364,331,Cacnea,Estándar,,,1,12,NULL,50,85,40,85,40,35,55.83,21.1,335,97,0,0,0,1,0,0
365,332,Cacturne,Estándar,,,2,12,15,70,115,60,115,60,55,79.17,25.73,475,177,0,1,0,1,0,0
366,333,Swablu,Estándar,,,2,11,18,45,40,60,40,75,50,51.67,12.47,310,74,0,0,0,0,1,0
367,334,Altaria,Estándar,,,2,4,18,75,70,90,70,105,80,81.67,12.47,490,188,0,0,0,0,2,0
368,335,Zangoose,Estándar,,,1,11,NULL,73,115,60,60,60,90,76.33,20.39,458,165,0,2,0,0,0,0
369,336,Seviper,Estándar,,,1,17,NULL,73,100,60,100,60,65,76.33,17.29,458,165,0,1,0,1,0,0
370,337,Lunatone,Estándar,,,2,14,12,9026,55,65,95,85,70,76.67,14.34,460,150,0,0,0,2,0,0
371,338,Solrock,Estándar,,,2,14,12,9026,95,85,55,65,70,76.67,14.34,460,150,0,2,0,0,0,0
372,339,Barboach,Estándar,,,2,2,16,50,48,43,46,41,60,48,6.14,288,92,1,0,0,0,0,0
373,340,Whiscash,Estándar,,,2,2,16,110,78,73,76,71,60,78,15.42,468,158,2,0,0,0,0,0
374,341,Corphish,Estándar,,,1,2,NULL,43,80,65,50,35,35,51.33,16.4,308,111,0,1,0,0,0,0
375,342,Crawdaunt,Estándar,,,2,2,15,63,120,85,90,55,55,78,23.24,468,161,0,2,0,0,0,0
376,343,Baltoy,Estándar,,,2,16,12,40,40,55,40,70,55,50,11.18,300,58,0,0,0,0,1,0
377,344,Claydol,Estándar,,,2,16,12,60,70,105,70,120,75,83.33,21.54,500,189,0,0,0,0,2,0
378,345,Lileep,Estándar,,,2,14,12,66,41,77,61,87,23,59.17,21.53,355,99,0,0,0,0,1,0
379,346,Cradily,Estándar,,,2,14,12,86,81,97,81,107,43,82.5,19.95,495,199,0,0,0,0,2,0
380,347,Anorith,Estándar,,,2,14,3,45,95,50,40,50,75,59.17,19.45,355,99,0,1,0,0,0,0
381,348,Armaldo,Estándar,,,2,14,3,75,125,100,70,80,45,82.5,24.96,495,199,0,2,0,0,0,0
382,349,Feebas,Estándar,,,1,2,NULL,20,15,20,10,55,80,33.33,25.44,200,61,0,0,0,0,0,1
383,350,Milotic,Estándar,,,1,2,NULL,95,60,79,100,125,81,90,20.22,540,213,0,0,0,0,2,0
384,351,Castform,Estándar,,,1,11,NULL,70,70,70,70,70,70,70,0,420,145,1,0,0,0,0,0
385,351,Castform,Sol,,,1,7,NULL,70,70,70,70,70,70,70,0,420,145,1,0,0,0,0,0
386,351,Castform,Lluvia,,,1,2,NULL,70,70,70,70,70,70,70,0,420,145,1,0,0,0,0,0
387,351,Castform,Nieve,,,1,9,NULL,70,70,70,70,70,70,70,0,420,145,1,0,0,0,0,0
388,352,Kecleon,Estándar,,,1,11,NULL,60,90,70,60,120,40,73.33,25.6,440,132,0,0,0,0,1,0
389,353,Shuppet,Estándar,,,1,6,NULL,44,75,35,63,33,45,49.17,15.08,295,97,0,1,0,0,0,0
390,354,Banette,Estándar,,,1,6,NULL,64,115,65,83,63,65,75.83,18.82,455,179,0,2,0,0,0,0
391,355,Duskull,Estándar,,,1,6,NULL,20,40,90,30,90,25,49.17,29.5,295,97,0,0,2,0,1,0
392,356,Dusclops,Estándar,,,1,6,NULL,40,70,130,60,130,25,75.83,40.87,455,179,0,0,1,0,1,0
393,357,Tropius,Estándar,,,2,12,18,99,68,83,72,87,51,76.67,15.28,460,169,2,0,0,0,0,0
394,358,Chimecho,Estándar,,,1,12,NULL,7515,50,8026,95,9011,65,75.83,15.12,455,147,0,0,0,1,1,0
395,359,Absol,Estándar,,,1,15,NULL,65,130,60,75,60,75,77.5,24.28,465,174,0,2,0,0,0,0
396,360,Wynaut,Estándar,,,1,12,NULL,95,23,48,23,48,23,43.33,25.67,260,44,1,0,0,0,0,0
397,361,Snorunt,Estándar,,,1,9,NULL,50,50,50,50,50,50,50,0,300,74,1,0,0,0,0,0
398,362,Glalie,Estándar,,,1,9,NULL,80,80,80,80,80,80,80,0,480,187,2,0,0,0,0,0
399,363,Spheal,Estándar,,,2,9,2,70,40,50,55,50,25,48.33,13.74,290,75,1,0,0,0,0,0
400,364,Sealeo,Estándar,,,2,9,2,90,60,70,75,70,45,68.33,13.74,410,128,2,0,0,0,0,0
401,365,Walrein,Estándar,,,2,9,2,110,80,90,95,90,65,88.33,13.74,530,192,3,0,0,0,0,0
402,366,Clamperl,Estándar,,,1,2,NULL,35,64,85,74,55,32,57.5,19.29,345,142,0,0,1,0,0,0
403,367,Huntail,Estándar,,,1,2,NULL,55,104,105,94,75,52,80.83,21.71,485,178,0,1,1,0,0,0
404,368,Gorebyss,Estándar,,,1,2,NULL,55,84,105,114,75,52,80.83,23.19,485,178,0,0,0,2,0,0
405,369,Relicanth,Estándar,,,2,2,14,100,90,130,45,65,55,80.83,29.07,485,198,1,0,1,0,0,0
406,370,Luvdisc,Estándar,,,1,2,NULL,43,30,55,40,65,97,55,21.83,330,110,0,0,0,0,0,1
407,371,Bagon,Estándar,,,1,4,NULL,45,75,60,40,30,50,50,14.43,300,89,0,1,0,0,0,0
408,372,Shelgon,Estándar,,,1,4,NULL,65,95,100,60,50,50,70,20.21,420,144,0,0,2,0,0,0
409,373,Salamence,Estándar,,,2,4,18,95,135,80,110,80,100,100,18.93,600,218,0,3,0,0,0,0
410,374,Beldum,Estándar,,,2,1,12,40,55,80,35,60,30,50,17.08,300,103,0,0,1,0,0,0
411,375,Metang,Estándar,,,2,1,12,60,75,100,55,80,50,70,17.08,420,153,0,0,2,0,0,0
412,376,Metagross,Estándar,,,2,1,12,80,135,130,95,90,70,100,24.32,600,210,0,0,3,0,0,0
413,377,Regirock,Estándar,,,1,14,NULL,80,100,200,50,100,50,96.67,50.55,580,217,0,0,3,0,0,0
414,378,Regice,Estándar,,,1,9,NULL,80,50,100,100,200,50,96.67,50.55,580,216,0,0,0,0,3,0
415,379,Registeel,Estándar,,,1,1,NULL,80,75,150,75,150,50,96.67,38.91,580,215,0,0,2,0,1,0
416,380,Latias,Estándar,,,2,4,12,80,80,90,110,130,110,100,18.26,600,211,0,0,0,0,3,0
417,381,Latios,Estándar,,,2,4,12,80,90,80,130,110,110,100,18.26,600,211,0,0,0,3,0,0
418,382,Kyogre,Estándar,,,1,2,NULL,100,100,90,150,140,90,111.67,24.09,670,218,0,0,0,3,0,0
419,382,Kyogre,Primigenio,,,,#N/D,#N/D,100,150,90,180,160,90,128.33,36.25,770,385,0,0,0,3,0,0
420,383,Groudon,Estándar,,,1,16,NULL,100,150,140,100,90,90,111.67,24.09,670,218,0,3,0,0,0,0
421,383,Groudon,Primigenio,,,,16,7,100,180,160,150,90,90,128.33,36.25,770,385,0,3,0,0,0,0
422,384,Rayquaza,Estándar,,,2,4,18,105,150,90,150,90,95,113.33,26.4,680,220,0,2,0,1,0,0
423,385,Jirachi,Estándar,,,2,1,12,100,100,100,100,100,100,100,0,600,215,3,0,0,0,0,0
424,386,Deoxys,Estándar,,,1,12,NULL,50,150,50,150,50,150,100,50,600,215,0,1,0,1,0,1
425,386,Deoxys,Ataque,,,1,12,NULL,50,180,20,180,20,150,100,71.41,600,215,0,2,0,1,0,0
426,386,Deoxys,Defensa,,,1,12,NULL,50,70,160,70,160,90,100,43.97,600,215,0,0,2,0,1,0
427,386,Deoxys,Velocidad,,,1,12,NULL,50,95,90,95,90,180,100,39.05,600,215,0,0,0,0,0,3
428,387,Turtwig,Estándar,,,1,12,NULL,55,68,64,45,55,31,53,12.26,318,64,0,1,0,0,0,0
429,388,Grotle,Estándar,,,1,12,NULL,75,89,85,55,65,36,67.5,18.16,405,141,0,1,1,0,0,0
430,389,Torterra,Estándar,,,2,12,16,95,109,105,75,85,56,87.5,18.16,525,208,0,2,1,0,0,0
431,390,Chimchar,Estándar,,,1,7,NULL,44,58,44,58,44,61,51.5,7.57,309,65,0,0,0,0,0,1
432,391,Monferno,Estándar,,,2,7,10,64,78,52,78,52,81,67.5,12.22,405,142,0,0,0,1,0,1
433,392,Infernape,Estándar,,,2,7,10,76,104,71,104,71,108,89,16.47,534,209,0,1,0,1,0,1
434,393,Piplup,Estándar,,,1,2,NULL,53,51,53,61,56,40,52.33,6.37,314,66,0,0,0,1,0,0
435,394,Prinplup,Estándar,,,1,2,NULL,64,66,68,81,76,50,67.5,9.79,405,143,0,0,0,2,0,0
436,395,Empoleon,Estándar,,,2,2,1,84,86,88,111,101,60,88.33,15.82,530,210,0,0,0,3,0,0
437,396,Starly,Estándar,,,2,11,18,40,55,30,30,30,60,40.83,12.39,245,56,0,0,0,0,0,1
438,397,Staravia,Estándar,,,2,11,18,55,75,50,40,40,80,56.67,15.72,340,113,0,0,0,0,0,2
439,398,Staraptor,Estándar,,,2,11,18,85,120,70,50,6020,100,80.83,23.88,485,172,0,3,0,0,0,0
440,399,Bidoof,Estándar,,,1,11,NULL,59,45,40,35,40,31,41.67,8.9,250,58,1,0,0,0,0,0
441,400,Bibarel,Estándar,,,2,11,2,79,85,60,55,60,71,68.33,10.92,410,116,0,2,0,0,0,0
442,401,Kricketot,Estándar,,,1,3,NULL,37,25,41,25,41,25,32.33,7.45,194,54,0,0,1,0,0,0
443,402,Kricketune,Estándar,,,1,3,NULL,77,85,51,55,51,65,64,13.1,384,159,0,2,0,0,0,0
444,403,Shinx,Estándar,,,1,5,NULL,45,65,34,40,34,45,43.83,10.48,263,60,0,1,0,0,0,0
445,404,Luxio,Estándar,,,1,5,NULL,60,85,49,60,49,60,60.5,12.01,363,117,0,2,0,0,0,0
446,405,Luxray,Estándar,,,1,5,NULL,80,120,79,95,79,70,87.17,16.43,523,194,0,3,0,0,0,0
447,406,Budew,Estándar,,,2,12,17,40,30,35,50,70,55,46.67,13.44,280,68,0,0,0,1,0,0
448,407,Roserade,Estándar,,,2,12,17,60,70,6527,125,105,90,85.83,23.35,515,204,0,0,0,3,0,0
449,408,Cranidos,Estándar,,,1,14,NULL,67,125,40,30,30,58,58.33,32.82,350,99,0,1,0,0,0,0
450,409,Rampardos,Estándar,,,1,14,NULL,97,165,60,65,50,58,82.5,39.76,495,199,0,2,0,0,0,0
451,410,Shieldon,Estándar,,,2,14,1,30,42,118,42,88,30,58.33,33.11,350,99,0,0,1,0,0,0
452,411,Bastiodon,Estándar,,,2,14,1,60,52,168,47,138,30,82.5,51.39,495,199,0,0,2,0,0,0
453,412,Burmy,Estándar,,,1,3,NULL,40,29,45,29,45,36,37.33,6.65,224,61,0,0,0,0,1,0
454,412,Burmy,Tronco Planta,,,2,3,NULL,40,29,45,29,45,36,37.33,6.65,224,61,0,0,0,0,1,0
455,412,Burmy,Tronco Arena,,,1,3,NULL,40,29,45,29,45,36,37.33,6.65,224,61,0,0,0,0,1,0
456,412,Burmy,Tronco Basura,,,1,3,NULL,40,29,45,29,45,36,37.33,6.65,224,61,0,0,0,0,1,0
457,413,Wormadam,Tronco Planta,,,2,3,12,60,59,85,79,105,36,70.67,22.01,424,159,0,0,0,0,2,0
458,413,Wormadam,Tronco Arena,,,2,3,16,60,79,105,59,85,36,70.67,22.01,424,159,0,0,2,0,0,0
459,413,Wormadam,Tronco Basura,,,2,3,1,60,69,95,69,95,36,70.67,20.43,424,159,0,0,1,0,1,0
460,414,Mothim,Estándar,,,2,3,18,70,94,50,94,50,66,70.67,18.1,424,159,0,1,0,1,0,0
461,415,Combee,Estándar,,,2,3,18,30,30,42,30,42,70,40.67,14.17,244,63,0,0,0,0,0,1
462,416,Vespiquen,Estándar,,,2,3,18,70,80,102,80,102,40,79,21.06,474,188,0,0,1,0,1,0
463,417,Pachirisu,Estándar,,,1,5,NULL,60,45,70,45,90,95,67.5,19.74,405,120,0,0,0,0,0,1
464,418,Buizel,Estándar,,,1,2,NULL,55,65,35,60,30,85,55,18.48,330,75,0,0,0,0,0,1
465,419,Floatzel,Estándar,,,1,2,NULL,85,105,55,85,50,115,82.5,23.76,495,178,0,0,0,0,0,2
466,420,Cherubi,Estándar,,,1,12,NULL,45,35,45,62,53,35,45.83,9.56,275,68,0,0,0,1,0,0
467,421,Cherrim,Estándar,,,1,12,NULL,70,60,70,87,78,85,75,9.38,450,133,0,0,0,2,0,0
468,422,Shellos,Este,,,1,2,NULL,76,48,48,57,62,34,54.17,13.09,325,73,1,0,0,0,0,0
469,422,Shellos,Oeste,,,1,2,NULL,76,48,48,57,62,34,54.17,13.09,325,73,1,0,0,0,0,0
470,423,Gastrodon,Este,,,2,2,16,111,83,68,92,82,39,79.17,22.13,475,176,2,0,0,0,0,0
471,423,Gastrodon,Oeste,,,2,2,16,111,83,68,92,82,39,79.17,22.13,475,176,2,0,0,0,0,0
472,424,Ambipom,Estándar,,,1,11,NULL,75,100,66,60,66,115,80.33,20.17,482,186,0,0,0,0,0,2
473,425,Drifloon,Estándar,,,2,6,18,90,50,34,60,44,70,58,18.29,348,127,1,0,0,0,0,0
474,426,Drifblim,Estándar,,,2,6,18,150,80,44,90,54,80,83,33.96,498,204,2,0,0,0,0,0
475,427,Buneary,Estándar,,,1,11,NULL,55,66,44,44,56,85,58.33,14.13,350,84,0,0,0,0,0,1
476,428,Lopunny,Estándar,,,1,11,NULL,65,76,84,54,96,105,80,19.04,480,168,0,0,0,0,0,2
477,429,Mismagius,Estándar,,,1,6,NULL,60,60,60,105,105,105,82.5,22.5,495,187,0,0,0,1,1,0
478,430,Honchkrow,Estándar,,,2,15,18,100,125,52,105,52,71,84.17,27.67,505,187,0,2,0,0,0,0
479,431,Glameow,Estándar,,,1,11,NULL,49,55,42,42,37,85,51.67,15.98,310,71,0,0,0,0,0,1
480,432,Purugly,Estándar,,,1,11,NULL,71,82,64,64,59,112,75.33,17.94,452,183,0,0,0,0,0,2
481,433,Chingling,Estándar,,,1,12,NULL,45,30,50,65,50,45,47.5,10.31,285,74,0,0,0,1,0,0
482,434,Stunky,Estándar,,,2,17,15,63,63,47,41,41,74,54.83,12.55,329,79,0,0,0,0,0,1
483,435,Skuntank,Estándar,,,2,17,15,103,93,67,71,61,84,79.83,14.86,479,209,2,0,0,0,0,0
484,436,Bronzor,Estándar,,,2,1,12,57,24,86,24,86,23,50,28.05,300,72,0,0,1,0,0,0
485,437,Bronzong,Estándar,,,2,1,12,67,89,116,79,116,33,83.33,28.83,500,188,0,0,1,0,1,0
486,438,Bonsly,Estándar,,,1,14,NULL,50,80,95,10,45,10,48.33,31.97,290,68,0,0,1,0,0,0
487,439,Mime Jr.,Estándar,,,2,12,8,20,25,45,70,90,60,51.67,24.61,310,78,0,0,0,0,1,0
488,440,Happiny,Estándar,,,1,11,NULL,100,5,5,15,65,30,36.67,34.96,220,255,1,0,0,0,0,0
489,441,Chatot,Estándar,,,2,11,18,76,65,45,92,42,91,68.5,19.92,411,107,0,1,0,0,0,0
490,442,Spiritomb,Estándar,,,2,6,15,50,92,108,92,108,35,80.83,28.22,485,168,0,0,1,0,1,0
491,443,Gible,Estándar,,,2,4,16,58,70,45,40,45,42,50,10.63,300,67,0,1,0,0,0,0
492,444,Gabite,Estándar,,,2,4,16,68,90,65,50,55,82,68.33,14.03,410,144,0,2,0,0,0,0
493,445,Garchomp,Estándar,,,2,4,16,108,130,95,80,85,102,100,16.42,600,218,0,3,0,0,0,0
494,446,Munchlax,Estándar,,,1,11,NULL,135,85,40,40,85,5,65,41.93,390,94,1,0,0,0,0,0
495,447,Riolu,Estándar,,,1,10,NULL,40,70,40,35,40,60,47.5,12.83,285,72,0,1,0,0,0,0
496,448,Lucario,Estándar,,,2,10,1,70,110,70,115,70,90,87.5,19.09,525,204,0,1,0,1,0,0
497,449,Hippopotas,Estándar,,,1,16,NULL,68,72,78,38,42,32,55,18.14,330,95,0,0,1,0,0,0
498,450,Hippowdon,Estándar,,,1,16,NULL,108,112,118,68,72,47,87.5,26.49,525,198,0,0,2,0,0,0
499,451,Skorupi,Estándar,,,2,17,3,40,50,90,30,55,65,55,19.15,330,114,0,0,1,0,0,0
500,452,Drapion,Estándar,,,2,17,15,70,90,110,60,75,95,83.33,16.75,500,204,0,0,2,0,0,0
501,453,Croagunk,Estándar,,,2,17,10,48,61,40,61,40,50,50,8.62,300,83,0,1,0,0,0,0
502,454,Toxicroak,Estándar,,,2,17,10,83,106,65,86,65,85,81.67,14.02,490,181,0,2,0,0,0,0
503,455,Carnivine,Estándar,,,1,12,NULL,74,100,72,90,72,46,75.67,16.87,454,164,0,2,0,0,0,0
504,456,Finneon,Estándar,,,1,2,NULL,49,49,56,49,61,66,55,6.66,330,90,0,0,0,0,0,1
505,457,Lumineon,Estándar,,,1,2,NULL,69,69,76,69,86,91,76.67,8.84,460,156,0,0,0,0,0,2
506,458,Mantyke,Estándar,,,2,2,18,45,20,50,60,120,50,57.5,30.52,345,108,0,0,0,0,1,0
507,459,Snover,Estándar,,,2,12,9,60,62,50,62,60,40,55.67,8.12,334,131,0,1,0,0,0,0
508,460,Abomasnow,Estándar,,,2,12,9,90,92,75,92,85,60,82.33,11.59,494,214,0,1,0,1,0,0
509,461,Weavile,Estándar,,,2,15,9,70,120,65,45,85,125,85,29.01,510,199,0,1,0,0,0,1
510,462,Magnezone,Estándar,,,2,5,1,70,70,115,130,90,60,89.17,25.56,535,211,0,0,0,3,0,0
511,463,Lickilicky,Estándar,,,1,11,NULL,110,85,95,80,95,50,85.83,18.58,515,193,3,0,0,0,0,0
512,464,Rhyperior,Estándar,,,2,16,14,115,140,130,55,55,40,89.17,40.15,535,217,0,3,0,0,0,0
513,465,Tangrowth,Estándar,,,1,12,NULL,100,100,125,110,50,50,89.17,28.93,535,211,0,0,2,0,0,0
514,466,Electivire,Estándar,,,1,5,NULL,75,123,67,95,85,95,90,17.88,540,199,0,3,0,0,0,0
515,467,Magmortar,Estándar,,,1,7,NULL,75,95,67,125,95,83,90,18.61,540,199,0,0,0,3,0,0
516,468,Togekiss,Estándar,,,2,8,18,85,50,95,120,115,80,90.83,23.35,545,220,0,0,0,2,1,0
517,469,Yanmega,Estándar,,,2,3,18,86,76,86,116,56,95,85.83,18.17,515,198,0,2,0,0,0,0
518,470,Leafeon,Estándar,,,1,12,NULL,65,110,130,60,65,95,87.5,26.26,525,196,0,0,2,0,0,0
519,471,Glaceon,Estándar,,,1,9,NULL,65,60,110,130,95,65,87.5,26.26,525,196,0,0,0,2,0,0
520,472,Gliscor,Estándar,,,2,16,18,75,95,125,45,75,95,85,24.49,510,192,0,0,2,0,0,0
521,473,Mamoswine,Estándar,,,2,9,16,110,130,80,70,60,80,88.33,24.09,530,207,0,3,0,0,0,0
522,474,Porygon-Z,Estándar,,,1,11,NULL,85,80,70,135,75,90,89.17,21.49,535,185,0,0,0,3,0,0
523,475,Gallade,Estándar,,,2,12,10,68,125,65,65,115,80,86.33,24.51,518,208,0,3,0,0,0,0
524,476,Probopass,Estándar,,,2,14,1,60,55,145,75,150,40,87.5,43.66,525,198,0,0,1,0,2,0
525,477,Dusknoir,Estándar,,,1,6,NULL,45,100,135,65,135,45,87.5,38.27,525,210,0,0,1,0,2,0
526,478,Froslass,Estándar,,,2,9,6,70,80,70,80,70,110,80,14.14,480,187,0,0,0,0,0,2
527,479,Rotom,Normal,,,2,5,6,50,50,77,95,77,91,73.33,17.78,440,132,0,0,0,1,0,1
528,479,Rotom,Lavado,,,2,5,7,50,65,107,105,107,86,86.67,22.28,520,182,0,0,0,1,0,1
529,479,Rotom,Calor,,,2,5,2,50,65,107,105,107,86,86.67,22.28,520,182,0,0,0,1,0,1
530,479,Rotom,Corte,,,2,5,9,50,65,107,105,107,86,86.67,22.28,520,182,0,0,0,1,0,1
531,479,Rotom,Ventilador,,,2,5,18,50,65,107,105,107,86,86.67,22.28,520,182,0,0,0,1,0,1
532,479,Rotom,Frío,,,2,5,12,50,65,107,105,107,86,86.67,22.28,520,182,0,0,0,1,0,1
533,480,Uxie,Estándar,,,1,12,NULL,75,75,130,75,130,95,96.67,24.61,580,210,0,0,2,0,1,0
534,481,Mesprit,Estándar,,,1,12,NULL,80,105,105,105,105,80,96.67,11.79,580,210,0,1,0,1,1,0
535,482,Azelf,Estándar,,,1,12,NULL,75,125,70,125,70,115,96.67,25.28,580,210,0,2,0,1,0,0
536,483,Dialga,Estándar,,,2,1,4,100,120,120,150,100,90,113.33,19.72,680,220,0,0,0,3,0,0
537,484,Palkia,Estándar,,,2,2,4,90,120,100,150,120,100,113.33,19.72,680,220,0,0,0,3,0,0
538,485,Heatran,Estándar,,,2,7,1,91,90,106,130,106,77,100,16.74,600,215,0,0,0,3,0,0
539,486,Regigigas,Estándar,,,1,11,NULL,110,160,110,80,110,100,111.67,24.09,670,220,0,3,0,0,0,0
540,487,Giratina,Modificada,,,2,6,4,150,100,120,100,120,90,113.33,19.72,680,220,3,0,0,0,0,0
541,487,Giratina,Origen,,,2,6,4,150,120,100,120,100,90,113.33,19.72,680,220,3,0,0,0,0,0
542,488,Cresselia,Estándar,,,1,12,NULL,120,70,120,75,130,85,100,23.98,600,210,0,0,0,0,3,0
543,489,Phione,Estándar,,,1,2,NULL,80,80,80,80,80,80,80,0,480,165,1,0,0,0,0,0
544,490,Manaphy,Estándar,,,1,2,NULL,100,100,100,100,100,100,100,0,600,215,3,0,0,0,0,0
545,491,Darkrai,Estándar,,,1,15,NULL,70,90,90,135,90,125,100,22.55,600,210,0,0,0,2,0,1
546,492,Shaymin,Tierra,,,1,12,NULL,100,100,100,100,100,100,100,0,600,300,3,0,0,0,0,0
547,492,Shaymin,Cielo,,,2,12,18,100,103,75,120,75,127,100,19.95,600,300,0,0,0,0,0,3
548,493,Arceus,Estándar,,,1,11,NULL,120,120,120,120,120,120,120,0,720,255,3,0,0,0,0,0
549,494,Victini,Estándar,,,2,12,7,100,100,100,100,100,100,100,0,600,270,3,0,0,0,0,0
550,495,Snivy,Estándar,,,1,12,NULL,45,45,55,45,55,63,51.33,6.87,308,28,0,0,0,0,0,1
551,496,Servine,Estándar,,,1,12,NULL,60,60,75,60,75,83,68.83,9.23,413,145,0,0,0,0,0,2
552,497,Serperior,Estándar,,,1,12,NULL,75,75,95,75,95,113,88,14.32,528,238,0,0,0,0,0,3
553,498,Tepig,Estándar,,,1,7,NULL,65,63,45,45,45,45,51.33,8.98,308,28,1,0,0,0,0,0
554,499,Pignite,Estándar,,,2,7,10,90,93,55,70,55,55,69.67,16.35,418,146,0,2,0,0,0,0
555,500,Emboar,Estándar,,,2,7,10,110,123,65,100,65,65,88,23.94,528,238,0,3,0,0,0,0
556,501,Oshawott,Estándar,,,1,2,NULL,55,55,45,63,45,45,51.33,6.87,308,28,0,0,0,1,0,0
557,502,Dewott,Estándar,,,1,2,NULL,75,75,60,83,60,60,68.83,9.23,413,145,0,0,0,2,0,0
558,503,Samurott,Estándar,,,1,2,NULL,95,100,85,108,70,70,88,14.43,528,238,0,0,0,3,0,0
559,504,Patrat,Estándar,,,1,11,NULL,45,55,39,35,39,42,42.5,6.37,255,51,0,1,0,0,0,0
560,505,Watchog,Estándar,,,1,11,NULL,60,85,69,60,69,77,70,8.91,420,147,0,23,0,0,0,0
561,506,Lillipup,Estándar,,,1,11,NULL,45,60,45,25,45,55,45.83,10.96,275,55,0,1,0,0,0,0
562,507,Herdier,Estándar,,,1,11,NULL,65,80,65,35,65,60,61.67,13.44,370,130,0,2,0,0,0,0
563,508,Stoutland,Estándar,,,1,11,NULL,85,11028,90,45,90,80,83.33,19.51,500,221,0,3,0,0,0,0
564,509,Purrloin,Estándar,,,1,15,NULL,41,50,37,50,37,66,46.83,10.12,281,56,0,0,0,0,0,1
565,510,Liepard,Estándar,,,1,15,NULL,64,88,50,88,50,106,74.33,21.08,446,156,0,0,0,0,0,2
566,511,Pansage,Estándar,,,1,12,NULL,50,53,48,53,48,64,52.67,5.47,316,63,0,0,0,0,0,1
567,512,Simisage,Estándar,,,1,12,NULL,75,98,63,98,63,101,83,16.52,498,174,0,0,0,0,0,2
568,513,Pansear,Estándar,,,1,7,NULL,50,53,48,53,48,64,52.67,5.47,316,63,0,0,0,0,0,1
569,514,Simisear,Estándar,,,1,7,NULL,75,98,63,98,63,101,83,16.52,498,174,0,0,0,0,0,2
570,515,Panpour,Estándar,,,1,2,NULL,50,53,48,53,48,64,52.67,5.47,316,63,0,0,0,0,0,1
571,516,Simipour,Estándar,,,1,2,NULL,75,98,63,98,63,101,83,16.52,498,174,0,0,0,0,0,2
572,517,Munna,Estándar,,,1,12,NULL,76,25,45,67,55,24,48.67,19.6,292,58,1,0,0,0,0,0
573,518,Musharna,Estándar,,,1,12,NULL,116,55,85,107,95,29,81.17,30.26,487,170,2,0,0,0,0,0
574,519,Pidove,Estándar,,,2,11,18,50,55,50,36,30,43,44,8.7,264,53,0,1,0,0,0,0
575,520,Tranquill,Estándar,,,2,11,18,62,77,62,50,42,65,59.67,11.15,358,125,0,2,0,0,0,0
576,521,Unfezant,Hembra,,,2,11,18,80,115,80,65,55,93,81.33,19.29,488,215,0,3,0,0,0,0
577,521,Unfezant,Macho,,,2,11,18,80,115,80,65,55,93,81.33,19.29,488,215,0,3,0,0,0,0
578,522,Blitzle,Estándar,,,1,5,NULL,45,60,32,50,32,76,49.17,15.52,295,59,0,0,0,0,0,1
579,523,Zebstrika,Estándar,,,1,5,NULL,75,100,63,80,63,116,82.83,19.37,497,174,0,0,0,0,0,2
580,524,Roggenrola,Estándar,,,1,14,NULL,55,75,85,25,25,15,46.67,26.72,280,56,0,0,1,0,0,0
581,525,Boldore,Estándar,,,1,14,NULL,70,105,105,50,40,20,65,31.89,390,137,0,1,1,0,0,0
582,526,Gigalith,Estándar,,,1,14,NULL,85,135,130,60,8030,25,85.83,38.23,515,227,0,3,0,0,0,0
583,527,Woobat,Estándar,,,2,12,18,6523,45,43,55,43,72,53.83,11.32,323,63,0,0,0,0,0,1
584,528,Swoobat,Estándar,,,2,12,18,67,57,55,77,55,114,70.83,20.85,425,149,0,0,0,0,0,2
585,529,Drilbur,Estándar,,,1,16,NULL,60,85,40,30,45,68,54.67,18.45,328,66,0,1,0,0,0,0
586,530,Excadrill,Estándar,,,2,16,1,110,135,60,50,65,88,84.67,29.95,508,178,0,2,0,0,0,0
587,531,Audino,Estándar,,,1,11,NULL,103,60,86,60,86,50,74.17,18.69,445,390,2,0,0,0,0,0
588,532,Timburr,Estándar,,,1,10,NULL,75,80,55,25,35,35,50.83,20.9,305,61,0,1,0,0,0,0
589,533,Gurdurr,Estándar,,,1,10,NULL,85,105,85,40,50,40,67.5,25.29,405,142,0,2,0,0,0,0
590,534,Conkeldurr,Estándar,,,1,10,NULL,105,140,95,55,65,45,84.17,32.71,505,227,0,3,0,0,0,0
591,535,Tympole,Estándar,,,1,2,NULL,50,50,40,50,40,64,49,8.06,294,59,0,0,0,0,0,1
592,536,Palpitoad,Estándar,,,2,2,16,75,65,55,65,55,69,64,7.19,384,134,2,0,0,0,0,0
593,537,Seismitoad,Estándar,,,2,2,16,105,9531,75,85,75,74,84.83,11.7,509,225,3,0,0,0,0,0
594,538,Throh,Estándar,,,1,10,NULL,120,100,85,30,85,45,77.5,30.92,465,163,2,0,0,0,0,0
595,539,Sawk,Estándar,,,1,10,NULL,75,125,75,30,75,85,77.5,27.65,465,163,0,2,0,0,0,0
596,540,Sewaddle,Estándar,,,2,3,12,45,53,70,40,60,42,51.67,10.66,310,62,0,0,1,0,0,0
597,541,Swadloon,Estándar,,,2,3,12,55,63,90,50,80,42,63.33,16.79,380,133,0,0,2,0,0,0
598,542,Leavanny,Estándar,,,2,3,12,75,103,80,70,8030,92,83.33,11.04,500,221,0,3,0,0,0,0
599,543,Venipede,Estándar,,,2,3,17,30,45,59,30,39,57,43.33,11.61,260,52,0,0,1,0,0,0
600,544,Whirlipede,Estándar,,,2,3,17,40,55,99,40,79,47,60,21.89,360,126,0,0,2,0,0,0
601,545,Scolipede,Estándar,,,2,3,17,60,10032,89,55,69,112,80.83,21,485,214,0,0,0,0,0,3
602,546,Cottonee,Estándar,,,2,12,8,40,27,60,37,50,66,46.67,13.46,280,56,0,0,0,0,0,1
603,547,Whimsicott,Estándar,,,2,12,8,60,67,85,77,75,116,80,17.91,480,168,0,0,0,0,0,2
604,548,Petilil,Estándar,,,1,12,NULL,45,35,50,70,50,30,46.67,12.8,280,56,0,0,0,1,0,0
605,549,Lilligant,Estándar,,,1,12,NULL,70,60,75,110,75,90,80,16.07,480,168,0,0,0,2,0,0
606,550,Basculin,Raya roja,,,1,2,NULL,70,92,65,80,55,98,76.67,15.01,460,161,0,0,0,0,0,2
607,550,Basculin,Raya azul,,,1,2,NULL,70,92,65,80,55,98,76.67,15.01,460,161,0,0,0,0,0,2
608,551,Sandile,Estándar,,,2,16,15,50,72,35,35,35,65,48.67,15.13,292,58,0,1,0,0,0,0
609,552,Krokorok,Estándar,,,2,16,15,60,82,45,45,45,74,58.5,14.95,351,123,0,2,0,0,0,0
610,553,Krookodile,Estándar,,,2,16,15,95,117,8030,65,70,92,86.5,17.37,519,229,0,3,0,0,0,0
611,554,Darumaka,Estándar,,,1,7,NULL,70,90,45,15,45,50,52.5,23.23,315,63,0,1,0,0,0,0
612,554,Darumaka,Región Galar,,,1,9,NULL,70,90,45,15,45,50,52.5,23.23,315,63,0,1,0,0,0,0
613,555,Darmanitan,Estándar,,,1,7,NULL,105,140,55,30,55,95,80,36.97,480,168,0,2,0,0,0,0
614,555,Darmanitan,Región Galar,,,2,7,12,105,140,55,30,55,95,80,36.97,480,168,0,2,0,0,0,0
615,555,Darmanitan,Modo Daruma,,,1,9,NULL,105,30,105,140,105,55,90,36.51,540,189,0,0,0,2,0,0
616,555,Darmanitan,Region Galar - Modo Daruma,,,2,9,7,105,160,55,30,55,135,90,46.9,540,189,0,2,0,0,0,0
617,556,Maractus,Estándar,,,1,12,NULL,75,86,67,106,67,60,76.83,15.36,461,161,0,0,0,2,0,0
618,557,Dwebble,Estándar,,,2,3,14,50,65,85,35,35,55,54.17,17.42,325,65,0,0,1,0,0,0
619,558,Crustle,Estándar,,,2,3,14,70,10512,125,65,75,45,80.83,26.52,485,166,0,0,2,0,0,0
620,559,Scraggy,Estándar,,,2,15,10,50,75,70,35,70,48,58,14.55,348,70,0,1,0,0,0,0
621,560,Scrafty,Estándar,,,2,15,10,65,90,115,45,115,58,81.33,27.3,488,171,0,0,1,0,1,0
622,561,Sigilyph,Estándar,,,2,12,18,72,58,80,103,80,97,81.67,15,490,172,0,0,0,2,0,0
623,562,Yamask,Estándar,,,1,6,NULL,38,30,85,55,65,30,50.5,20.07,303,61,0,0,1,0,0,0
624,562,Yamask de Galar,Estándar,,,2,16,6,38,55,85,30,65,30,50.5,20.07,303,61,0,0,1,0,0,0
625,563,Cofagrigus,Estándar,,,1,6,NULL,58,50,145,95,105,30,80.5,38.64,483,169,0,0,2,0,0,0
626,564,Tirtouga,Estándar,,,2,2,14,54,78,103,53,45,22,59.17,25.57,355,71,0,0,1,0,0,0
627,565,Carracosta,Estándar,,,2,2,14,74,108,133,83,65,32,82.5,31.96,495,173,0,0,2,0,0,0
628,566,Archen,Estándar,,,2,14,18,55,112,45,74,45,70,66.83,23.08,401,71,0,1,0,0,0,0
629,567,Archeops,Estándar,,,2,14,18,75,140,65,112,65,110,94.5,28.1,567,177,0,2,0,0,0,0
630,568,Trubbish,Estándar,,,1,17,NULL,50,50,62,40,62,65,54.83,8.88,329,66,0,0,0,0,0,1
631,569,Garbodor,Estándar,,,1,17,NULL,80,95,82,60,82,75,79,10.42,474,166,0,2,0,0,0,0
632,570,Zorua,Estándar,,,1,15,NULL,40,65,40,80,40,65,55,15.81,330,66,0,0,0,1,0,0
633,571,Zoroark,Estándar,,,1,15,NULL,60,105,60,120,60,105,85,25.5,510,179,0,0,0,2,0,0
634,572,Minccino,Estándar,,,1,11,NULL,55,50,40,40,40,75,50,12.58,300,60,0,0,0,0,0,1
635,573,Cinccino,Estándar,,,1,11,NULL,75,95,60,65,60,115,78.33,20.34,470,165,0,0,0,0,0,2
636,574,Gothita,Estándar,,,1,12,NULL,45,30,50,55,65,45,48.33,10.67,290,58,0,0,0,0,1,0
637,575,Gothorita,Estándar,,,1,12,NULL,60,45,70,75,85,55,65,13.23,390,137,0,0,0,0,2,0
638,576,Gothitelle,Estándar,,,1,12,NULL,70,55,95,95,110,65,81.67,19.51,490,221,0,0,0,0,3,0
639,577,Solosis,Estándar,,,1,12,NULL,45,30,40,105,50,20,48.33,27.18,290,58,0,0,0,1,0,0
640,578,Duosion,Estándar,,,1,12,NULL,65,40,50,125,60,30,61.67,30.64,370,130,0,0,0,2,0,0
641,579,Reuniclus,Estándar,,,1,12,NULL,110,65,75,125,85,30,81.67,30.78,490,221,0,0,0,3,0,0
642,580,Ducklett,Estándar,,,2,2,18,62,44,50,44,50,55,50.83,6.28,305,61,1,0,0,0,0,0
643,581,Swanna,Estándar,,,2,2,18,75,87,63,87,63,98,78.83,13.02,473,166,0,0,0,0,0,2
644,582,Vanillite,Estándar,,,1,9,NULL,36,50,50,65,60,44,50.83,9.6,305,61,0,0,0,1,0,0
645,583,Vanillish,Estándar,,,1,9,NULL,51,65,65,80,75,59,65.83,9.6,395,138,0,0,0,2,0,0
646,584,Vanilluxe,Estándar,,,1,9,NULL,71,95,85,110,95,79,89.17,12.6,535,241,0,0,0,3,0,0
647,585,Deerling,Estándar,,,2,11,12,60,60,50,40,50,75,55.83,10.96,335,67,0,0,0,0,0,1
648,586,Sawsbuck,Estándar,,,2,11,12,80,100,70,60,70,95,79.17,14.26,475,166,0,2,0,0,0,0
649,587,Emolga,Estándar,,,2,5,18,55,75,60,75,60,103,71.33,16.09,428,150,0,0,0,0,0,2
650,588,Karrablast,Estándar,,,1,3,NULL,50,75,45,40,45,60,52.5,11.81,315,63,0,1,0,0,0,0
651,589,Escavalier,Estándar,,,2,3,1,70,135,105,60,105,20,82.5,37.28,495,173,0,2,0,0,0,0
652,590,Foongus,Estándar,,,2,12,17,69,55,45,55,55,15,49,16.73,294,59,1,0,0,0,0,0
653,591,Amoonguss,Estándar,,,2,12,17,114,85,70,85,80,30,77.33,25.04,464,162,2,0,0,0,0,0
654,592,Frillish,Macho,,,2,2,6,55,40,50,65,85,40,55.83,15.66,335,67,0,0,0,0,1,0
655,592,Frillish,Hembra,,,2,2,6,55,40,50,65,85,40,55.83,15.66,335,67,0,0,0,0,1,0
656,593,Jellicent,Macho,,,2,2,6,100,60,70,85,105,60,80,18.03,480,168,0,0,0,0,2,0
657,593,Jellicent,Hembra,,,2,2,6,100,60,70,85,105,60,80,18.03,480,168,0,0,0,0,2,0
658,594,Alomomola,Estándar,,,1,2,NULL,165,75,80,40,45,65,78.33,41.4,470,165,2,0,0,0,0,0
659,595,Joltik,Estándar,,,2,3,5,50,47,50,57,50,65,53.17,6.09,319,64,0,0,0,0,0,1
660,596,Galvantula,Estándar,,,2,3,5,70,77,60,97,60,108,78.67,18.13,472,165,0,0,0,0,0,2
661,597,Ferroseed,Estándar,,,2,12,1,44,50,91,24,86,10,50.83,29.68,305,61,0,0,1,0,0,0
662,598,Ferrothorn,Estándar,,,2,12,1,74,94,131,54,116,20,81.5,37.4,489,171,0,0,2,0,0,0
663,599,Klink,Estándar,,,1,1,NULL,40,55,70,45,60,30,50,13.23,300,60,0,0,1,0,0,0
664,600,Klang,Estándar,,,1,1,NULL,60,80,95,70,85,50,73.33,15.18,440,154,0,0,2,0,0,0
665,601,Klinklang,Estándar,,,1,1,NULL,60,100,115,70,85,90,86.67,18.18,520,234,0,0,3,0,0,0
666,602,Tynamo,Estándar,,,1,5,NULL,35,55,40,45,40,60,45.83,8.86,275,55,0,0,0,0,0,1
667,603,Eelektrik,Estándar,,,1,5,NULL,65,85,70,75,70,40,67.5,13.77,405,142,0,2,0,0,0,0
668,604,Eelektross,Estándar,,,1,5,NULL,85,115,80,105,80,50,85.83,20.7,515,232,0,3,0,0,0,0
669,605,Elgyem,Estándar,,,1,12,NULL,55,55,55,85,55,30,55.83,15.92,335,67,0,0,0,1,0,0
670,606,Beheeyem,Estándar,,,1,12,NULL,75,75,75,125,95,40,80.83,25.56,485,170,0,0,0,2,0,0
671,607,Litwick,Estándar,,,2,6,7,50,30,55,65,55,20,45.83,15.66,275,55,0,0,0,1,0,0
672,608,Lampent,Estándar,,,2,6,7,60,40,60,95,60,55,61.67,16.5,370,130,0,0,0,2,0,0
673,609,Chandelure,Estándar,,,2,6,7,60,55,90,145,90,80,86.67,29.39,520,234,0,0,0,3,0,0
674,610,Axew,Estándar,,,1,4,NULL,46,87,60,30,40,57,53.33,18.11,320,64,0,1,0,0,0,0
675,611,Fraxure,Estándar,,,1,4,NULL,66,117,70,40,50,67,68.33,24.21,410,144,0,2,0,0,0,0
676,612,Haxorus,Estándar,,,1,4,NULL,76,147,90,60,70,97,90,28.27,540,243,0,3,0,0,0,0
677,613,Cubchoo,Estándar,,,1,9,NULL,55,70,40,60,40,40,50.83,11.7,305,61,0,1,0,0,0,0
678,614,Beartic,Estándar,,,1,9,NULL,95,13033,80,70,80,50,84.17,24.57,505,170,0,2,0,0,0,0
679,615,Cryogonal,Estándar,,,1,9,NULL,8026,50,5034,95,135,105,85.83,30.2,515,170,0,0,0,0,2,0
680,616,Shelmet,Estándar,,,1,3,NULL,50,40,85,40,65,25,50.83,19.45,305,61,0,0,1,0,0,0
681,617,Accelgor,Estándar,,,1,3,NULL,80,70,40,100,60,145,82.5,33.39,495,173,0,0,0,0,0,2
682,618,Stunfisk,Estándar,,,2,16,5,109,66,84,81,99,32,78.5,24.85,471,165,2,0,0,0,0,0
683,618,Stunfisk,Región Galar,,,2,16,1,109,81,99,66,84,32,78.5,24.85,471,165,2,0,0,0,0,0
684,619,Mienfoo,Estándar,,,1,10,NULL,45,85,50,55,50,65,58.33,13.44,350,70,0,1,0,0,0,0
685,620,Mienshao,Estándar,,,1,10,NULL,65,125,60,95,60,105,85,25,510,179,0,2,0,0,0,0
686,621,Druddigon,Estándar,,,1,4,NULL,77,120,90,60,90,48,80.83,23.2,485,170,0,2,0,0,0,0
687,622,Golett,Estándar,,,2,16,6,59,74,50,35,50,35,50.5,13.57,303,61,0,1,0,0,0,0
688,623,Golurk,Estándar,,,2,16,6,89,124,80,55,80,55,80.5,23.33,483,169,0,2,0,0,0,0
689,624,Pawniard,Estándar,,,2,15,1,45,85,70,40,40,60,56.67,16.75,340,68,0,1,0,0,0,0
690,625,Bisharp,Estándar,,,2,15,1,65,125,100,60,70,70,81.67,23.21,490,172,0,2,0,0,0,0
691,626,Bouffalant,Estándar,,,1,11,NULL,95,110,95,40,95,55,81.67,25.11,490,172,0,2,0,0,0,0
692,627,Rufflet,Estándar,,,2,11,18,70,83,50,37,50,60,58.33,14.95,350,70,0,1,0,0,0,0
693,628,Braviary,Estándar,,,2,11,18,100,123,75,57,75,80,85,21.13,510,179,0,2,0,0,0,0
694,629,Vullaby,Estándar,,,2,15,18,70,55,75,45,65,60,61.67,9.86,370,74,0,0,1,0,0,0
695,630,Mandibuzz,Estándar,,,2,15,18,110,65,105,55,95,80,85,20.21,510,179,0,0,0,2,0,0
696,631,Heatmor,Estándar,,,1,7,NULL,85,97,66,105,66,65,80.67,16.09,484,169,0,0,0,2,0,0
697,632,Durant,Estándar,,,2,3,1,58,109,112,48,48,109,80.67,29.54,484,169,0,0,2,0,0,0
698,633,Deino,Estándar,,,2,15,4,52,65,50,45,50,38,50,8.14,300,60,0,1,0,0,0,0
699,634,Zweilous,Estándar,,,2,15,4,72,85,70,65,70,58,70,8.14,420,147,0,2,0,0,0,0
700,635,Hydreigon,Estándar,,,2,15,4,92,105,90,125,90,98,100,12.37,600,270,0,0,0,3,0,0
701,636,Larvesta,Estándar,,,2,3,7,55,85,55,50,55,60,60,11.55,360,72,0,1,0,0,0,0
702,637,Volcarona,Estándar,,,2,3,7,85,60,65,135,105,100,91.67,25.44,550,248,0,0,0,3,0,0
703,638,Cobalion,Estándar,,,2,1,10,91,90,129,90,72,108,96.67,17.81,580,261,0,0,3,0,0,0
704,639,Terrakion,Estándar,,,2,14,10,91,129,90,72,90,108,96.67,17.81,580,261,0,3,0,0,0,0
705,640,Virizion,Estándar,,,2,12,10,91,90,72,90,129,108,96.67,17.81,580,261,0,0,0,0,3,0
706,641,Tornadus,Avatar,,,1,18,NULL,79,115,70,125,80,111,96.67,21,580,290,0,3,0,0,0,0
707,641,Tornadus,Tótem,,,2,18,NULL,79,100,80,110,90,121,96.67,15.36,580,290,0,0,0,0,0,3
708,642,Thundurus,Avatar,,,2,5,18,79,115,70,125,80,111,96.67,21,580,290,0,3,0,0,0,0
709,642,Thundurus,Tótem,,,2,5,18,79,105,70,145,80,101,96.67,24.92,580,290,0,0,0,3,0,0
710,643,Reshiram,Estándar,,,2,4,7,100,120,100,150,120,90,113.33,19.72,680,306,0,0,0,3,0,0
711,644,Zekrom,Estándar,,,2,4,5,100,150,120,120,100,90,113.33,19.72,680,306,0,3,0,0,0,0
712,645,Landorus,Avatar,,,2,16,18,89,125,90,115,80,101,100,15.66,600,300,0,0,0,3,0,0
713,645,Landorus,Tótem,,,2,16,18,89,145,90,105,80,91,100,21.42,600,300,0,3,0,0,0,0
714,646,Kyurem,Estándar,,,2,4,9,125,130,90,130,90,95,110,18.48,660,297,1,1,0,1,0,0
715,646,Kyurem negro,Estándar,,,2,4,9,125,170,100,120,90,95,116.67,27.03,700,315,0,0,0,3,0,0
717,646,Kyurem blanco,Estándar,,,2,4,9,125,120,90,170,100,95,116.67,27.03,700,315,0,3,0,0,0,0
718,647,Keldeo,Estándar,,,2,2,10,91,72,90,129,90,108,96.67,17.81,580,261,0,0,0,3,0,0
719,648,Meloetta,Lírica,,,2,11,12,100,77,77,128,128,90,100,21.32,600,270,0,0,0,1,1,1
720,648,Meloetta,Danza,,,2,11,10,100,128,90,77,77,128,100,21.32,600,270,0,1,1,0,0,1
721,649,Genesect,Estándar,,,2,3,1,71,120,95,120,95,99,100,16.79,600,270,0,1,0,0,1,1
722,650,Chespin,Estándar,,,1,12,NULL,56,61,65,48,45,38,52.17,9.37,313,63,0,0,1,0,0,0
723,651,Quilladin,Estándar,,,1,12,NULL,61,78,95,56,58,57,67.5,14.38,405,142,0,0,2,0,0,0
724,652,Chesnaught,Estándar,,,2,12,10,88,107,122,74,75,64,88.33,20.24,530,239,0,0,3,0,0,0
725,653,Fennekin,Estándar,,,1,7,NULL,40,45,40,62,60,60,51.17,9.67,307,60,0,0,0,1,0,0
726,654,Braixen,Estándar,,,1,7,NULL,59,59,58,90,70,73,68.17,11.36,409,143,0,0,0,2,0,0
727,655,Delphox,Estándar,,,2,7,12,75,69,72,114,100,104,89,17.59,534,240,0,0,0,3,0,0
728,656,Froakie,Estándar,,,1,2,NULL,41,56,40,62,44,71,52.33,11.59,314,63,0,0,0,0,0,1
729,657,Frogadier,Estándar,,,1,2,NULL,54,63,52,83,56,97,67.5,16.76,405,142,0,0,0,0,0,2
730,658,Greninja,Estándar,,,2,2,15,72,95,67,103,71,122,88.33,20.06,530,265,0,0,0,0,0,3
731,658,Greninja Ash,Estándar,,,1,11,NULL,72,145,67,153,71,132,106.67,37.21,640,320,0,0,0,0,0,3
732,659,Bunnelby,Estándar,,,2,11,16,38,36,38,32,36,57,39.5,8.08,237,47,0,0,0,0,0,1
733,660,Diggersby,Estándar,,,2,11,18,85,56,77,50,77,78,70.5,12.79,423,148,2,0,0,0,0,0
734,661,Fletchling,Estándar,,,2,7,18,45,50,43,40,38,62,46.33,7.97,278,56,0,0,0,0,0,1
735,662,Fletchinder,Estándar,,,2,7,18,62,73,55,56,52,84,63.67,11.35,382,134,0,0,0,0,0,2
736,663,Talonflame,Estándar,,,1,3,NULL,78,81,71,74,69,126,83.17,19.57,499,175,0,0,0,0,0,3
737,664,Scatterbug,Estándar,,,1,3,NULL,38,35,40,27,25,35,33.33,5.5,200,40,0,0,1,0,0,0
738,665,Spewpa,Estándar,,,2,3,18,45,22,60,27,30,29,35.5,13.02,213,75,0,0,2,0,0,0
739,666,Vivillon,Estándar,,,2,7,11,80,52,50,90,50,89,68.5,18.13,411,185,1,0,0,1,0,1
740,667,Litleo,Estándar,,,2,7,11,62,50,58,73,54,72,61.5,8.6,369,74,0,0,0,1,0,0
741,668,Pyroar,Estándar,,,1,8,NULL,86,68,72,109,66,106,84.5,17.49,507,177,0,0,0,2,0,0
742,669,Flabébé,Estándar,,,1,8,NULL,44,38,39,61,79,42,50.5,14.86,303,61,0,0,0,0,1,0
743,670,Floette,Estándar,,,1,8,NULL,54,45,47,75,98,52,61.83,18.9,371,130,0,0,0,0,2,0
744,670,Floette,Flor Eterna,,,1,12,NULL,74,65,67,125,128,92,91.83,26.02,551,243,0,0,0,0,2,0
745,671,Florges,Estándar,,,1,12,NULL,78,65,68,112,154,75,92,31.71,552,248,0,0,0,0,3,0
746,672,Skiddo,Estándar,,,1,10,NULL,66,65,48,62,57,52,58.33,6.65,350,70,1,0,0,0,0,0
747,673,Gogoat,Estándar,,,2,10,15,123,100,62,97,81,68,88.5,20.71,531,186,2,0,0,0,0,0
748,674,Pancham,Estándar,,,1,11,NULL,67,82,62,46,48,43,58,13.8,348,90,0,1,0,0,0,0
749,675,Pangoro,Estándar,,,1,12,NULL,95,124,78,69,71,58,82.5,21.65,495,173,0,2,0,0,0,0
750,676,Furfrou,Estándar,,,1,12,NULL,75,80,60,65,90,102,78.67,14.28,472,165,0,0,0,0,0,1
751,677,Espurr,Estándar,,,2,1,6,62,48,54,63,60,68,59.17,6.49,355,71,0,0,0,0,0,1
752,678,Meowstic,Estándar,,,2,1,6,74,48,76,83,81,104,77.67,16.48,466,163,0,0,0,0,0,2
753,679,Honedge,Estándar,,,2,1,6,45,80,100,35,37,28,54.17,26.45,325,65,0,0,1,0,0,0
754,680,Doublade,Estándar,,,1,8,NULL,59,110,150,45,49,35,74.67,41.4,448,157,0,0,2,0,0,0
755,681,Aegislash,Escudo,,,1,8,NULL,60,50,140 35,50,140 35,60,83.33,40.28,500,250,0,0,2,0,1,0
756,681,Aegislash,Filo,,,1,8,NULL,60,140 35,50,140 35,50,60,83.33,40.28,500,250,0,2,0,1,0,0
757,682,Spritzee,Estándar,,,1,8,NULL,78,52,60,63,65,23,56.83,16.98,341,68,1,0,0,0,0,0
758,683,Aromatisse,Estándar,,,2,15,12,101,72,72,99,89,29,77,24.35,462,163,2,0,0,0,0,0
759,684,Swirlix,Estándar,,,2,15,12,62,48,66,59,57,49,56.83,6.52,341,68,0,0,1,0,0,0
760,685,Slurpuff,Estándar,,,2,14,2,82,80,86,85,75,72,80,5.07,480,168,0,0,2,0,0,0
761,686,Inkay,Estándar,,,2,14,2,53,54,53,37,46,45,48,6.06,288,58,0,1,0,0,0,0
762,687,Malamar,Estándar,,,2,17,2,86,92,88,68,75,73,80.33,8.77,482,169,0,2,0,0,0,0
763,688,Binacle,Estándar,,,2,17,4,42,52,67,39,56,50,51,9.2,306,61,0,1,0,0,0,0
764,689,Barbaracle,Estándar,,,1,2,NULL,72,92,115,54,86,68,81.17,19.5,487,175,0,2,0,0,0,0
765,690,Skrelp,Estándar,,,1,2,NULL,50,60,60,60,60,30,53.33,11.06,320,64,0,0,0,0,1,0
766,691,Dragalge,Estándar,,,2,5,11,65,75,90,97,123,44,82.33,25,494,173,0,0,0,0,2,0
767,692,Clauncher,Estándar,,,2,5,11,50,53,62,58,63,44,55,6.73,330,66,0,0,0,1,0,0
768,693,Clawitzer,Estándar,,,2,14,4,71,73,88,120,89,59,83.33,19.36,500,100,0,0,0,2,0,0
769,694,Helioptile,Estándar,,,2,14,4,44,38,33,61,43,70,48.17,13.03,289,58,0,0,0,0,0,1
770,695,Heliolisk,Estándar,,,2,14,9,62,55,52,109,94,109,80.17,24.53,481,168,0,0,0,0,0,2
771,696,Tyrunt,Estándar,,,2,14,9,58,89,77,45,45,48,60.33,16.97,362,72,0,1,0,0,0,0
772,697,Tyrantrum,Estándar,,,1,8,NULL,82,121,119,69,59,71,86.83,24.39,521,182,0,2,0,0,0,0
773,698,Amaura,Estándar,,,2,10,18,77,59,50,67,63,46,60.33,10.35,362,72,1,0,0,0,0,0
774,699,Aurorus,Estándar,,,2,5,8,123,77,72,99,92,58,86.83,20.94,521,104,2,0,0,0,0,0
775,700,Sylveon,Estándar,,,2,14,8,95,65,65,110,130,60,87.5,26.26,525,184,0,0,0,0,2,0
776,701,Hawlucha,Estándar,,,1,4,NULL,78,92,75,74,63,118,83.33,17.68,500,125,0,2,0,0,0,0
777,702,Dedenne,Estándar,,,1,4,NULL,67,58,57,81,67,101,71.83,15.24,431,151,0,0,0,0,0,2
778,703,Carbink,Estándar,,,1,4,NULL,50,50,150,50,150,50,83.33,47.14,500,100,0,0,1,0,1,0
779,704,Goomy,Estándar,,,2,1,8,45,50,35,55,75,40,50,12.91,300,60,0,0,0,0,1,0
780,705,Sliggoo,Estándar,,,2,6,12,68,75,53,83,113,60,75.33,19.43,452,158,0,0,0,0,2,0
781,706,Goodra,Estándar,,,2,6,12,90,100,70,110,150,80,100,25.82,600,270,0,0,0,0,3,0
782,707,Klefki,Estándar,,,2,6,12,57,80,91,80,87,75,78.33,10.86,470,165,0,0,1,0,0,0
783,708,Phantump,Estándar,,,2,6,12,43,70,48,50,60,38,51.5,10.67,309,62,0,1,0,0,0,0
784,709,Trevenant,Estándar,,,1,9,NULL,85,110,76,65,82,56,79,17.03,474,166,0,2,0,0,0,0
785,710,Pumpkaboo,Pequeño,,,1,9,NULL,44,66,70,44,55,56,55.83,9.87,335,67,0,0,1,0,0,0
786,710,Pumpkaboo,Normal,,,2,18,4,49,66,70,44,55,51,55.83,9.26,335,67,0,0,1,0,0,0
787,710,Pumpkaboo,Grande,,,2,18,4,54,66,70,44,55,46,55.83,9.53,335,67,0,0,1,0,0,0
788,710,Pumpkaboo,Extra,,,1,8,NULL,59,66,70,44,55,41,55.83,10.61,335,67,0,0,1,0,0,0
789,711,Gourgeist,Pequeño,,,2,15,18,55,85,122,58,75,99,82.33,23.28,494,173,0,0,2,0,0,0
790,711,Gourgeist,Normal,,,2,4,16,65,90,122,58,75,84,82.33,20.74,494,173,0,0,2,0,0,0
791,711,Gourgeist,Grande,,,2,14,8,75,95,122,58,75,69,82.33,20.86,494,173,0,0,2,0,0,0
792,711,Gourgeist,Extra,,,2,12,6,85,100,122,58,75,54,82.33,23.6,494,173,0,0,2,0,0,0
793,712,Bergmite,Estándar,,,2,12,15,55,69,85,32,35,28,50.67,20.98,304,61,0,0,1,0,0,0
794,713,Avalugg,Estándar,,,2,7,2,95,117,184,44,46,28,85.67,53.81,514,180,0,0,2,0,0,0
795,714,Noibat,Estándar,,,2,12,18,40,30,35,45,40,55,40.83,7.86,245,49,0,0,0,0,0,1
796,715,Noivern,Estándar,,,2,12,18,85,70,80,97,80,123,89.17,17.12,535,187,0,0,0,0,0,2
797,716,Xerneas,Estándar,,,2,12,6,126,131,95,131,98,99,113.33,16.13,680,306,3,0,0,0,0,0
798,717,Yveltal,Estándar,,,1,7,NULL,126,131,95,131,98,99,113.33,16.13,680,306,3,0,0,0,0,0
799,718,Zygarde,Mínimo,,,1,7,NULL,54,100,71,61,85,115,81,21.46,486,270,3,0,0,0,0,0
800,718,Zygarde,Medio,,,2,7,15,108,100,121,81,95,95,100,12.36,600,219,3,0,0,0,0,0
801,718,Zygarde,Máximo,,,1,2,NULL,216,100,121,91,95,85,118,45.25,708,319,3,0,0,0,0,0
802,719,Diancie,Estándar,,,1,2,NULL,50,100,150,100,150,50,100,40.82,600,270,0,0,1,0,2,0
803,720,Hoopa,Contenida,,,2,2,8,80,110,60,150,130,70,100,32.66,600,300,0,0,0,3,0,0
804,720,Hoopa,Incontenida,,,2,11,18,80,160,60,170,130,80,113.33,42.3,680,340,0,0,0,3,0,0
805,721,Volcanion,Estándar,,,2,11,18,80,110,120,130,90,70,100,21.6,600,270,0,0,0,3,0,0
806,722,Rowlet,Estándar,,,2,11,18,68,55,55,50,50,42,53.33,7.87,320,64,1,0,0,0,0,0
807,723,Dartrix,Estándar,,,1,11,NULL,78,75,75,70,70,52,70,8.54,420,147,2,0,0,0,0,0
808,724,Decidueye,Estándar,,,1,11,NULL,78,107,75,100,100,70,88.33,14.38,530,239,0,3,0,0,0,0
809,725,Litten,Estándar,,,1,3,NULL,45,65,40,60,40,70,53.33,12.13,320,64,0,0,0,0,0,1
810,726,Torracat,Estándar,,,2,3,5,65,85,50,80,50,90,70,16.07,420,147,0,0,0,0,0,2
811,727,Incineroar,Estándar,,,2,3,5,95,115,90,80,90,60,88.33,16.5,530,239,0,3,0,0,0,0
812,728,Popplio,Estándar,,,1,10,NULL,50,54,54,66,56,40,53.33,7.72,320,64,0,0,0,1,0,0
813,729,Brionne,Estándar,,,2,10,9,60,69,69,91,81,50,70,13.32,420,147,0,0,0,2,0,0
814,730,Primarina,Estándar,,,2,7,18,80,74,74,126,116,60,88.33,24.04,530,239,0,0,0,3,0,0
815,731,Pikipek,Estándar,,,2,5,18,35,75,30,30,30,65,44.17,18.58,265,53,0,1,0,0,0,0
816,732,Trumbeak,Estándar,,,2,12,18,55,85,50,40,50,75,59.17,15.66,355,124,0,2,0,0,0,0
817,733,Toucannon,Estándar,,,2,6,18,80,120,75,75,75,60,80.83,18.58,485,218,0,3,0,0,0,0
818,734,Yungoos,Estándar,,,2,3,8,48,70,30,30,30,45,42.17,14.5,253,51,0,1,0,0,0,0
819,735,Gumshoos,Estándar,,,2,3,8,88,110,60,55,60,45,69.67,22.26,418,146,0,2,0,0,0,0
820,736,Grubbin,Estándar,,,1,14,NULL,47,62,45,55,45,46,50,6.38,300,60,0,1,0,0,0,0
821,737,Charjabug,Estándar,,,1,14,NULL,57,82,95,55,75,36,66.67,19.48,400,140,0,0,2,0,0,0
822,738,Vikavolt,Estándar,,,1,2,NULL,77,70,90,145,75,43,83.33,30.99,500,225,0,0,0,3,0,0
823,739,Crabrawler,Estándar,,,2,17,2,47,82,57,42,47,63,56.33,13.44,338,68,0,1,0,0,0,0
824,740,Crabominable,Estándar,,,2,17,2,97,132,77,62,67,43,79.67,28.47,478,167,0,2,0,0,0,0
825,741,Oricorio,Apasionado,,,1,16,NULL,75,70,70,98,70,93,79.33,11.66,476,167,0,0,0,2,0,0
826,741,Oricorio,Animado,,,1,16,NULL,75,70,70,98,70,93,79.33,11.66,476,167,0,0,0,2,0,0
827,741,Oricorio,Plácido,,,2,2,3,75,70,70,98,70,93,79.33,11.66,476,167,0,0,0,2,0,0
828,741,Oricorio,Refinado,,,2,2,3,75,70,70,98,70,93,79.33,11.66,476,167,0,0,0,2,0,0
829,742,Cutiefly,Estándar,,,1,12,NULL,40,45,40,55,40,84,50.67,15.83,304,61,0,0,0,0,0,1
830,743,Ribombee,Estándar,,,1,12,NULL,60,55,60,95,70,124,77.33,24.64,464,162,0,0,0,0,0,2
831,744,Rockruff,Estándar,,,2,12,8,45,65,40,30,40,60,46.67,12.13,280,56,0,1,0,0,0,0
832,745,Lycanroc,Diurno,,,2,12,8,75,115,65,55,65,112,81.17,23.6,487,170,0,2,0,0,0,0
833,745,Lycanroc,Nocturno,,,2,17,7,85,115,75,55,75,82,81.17,17.89,487,170,0,2,0,0,0,0
834,745,Lycanroc,Crespuscular,,,2,17,7,75,117,65,55,65,110,81.17,23.67,487,170,0,2,0,0,0,0
835,746,Wishiwashi,Individual,,,2,11,10,45,20,20,25,25,40,29.17,9.75,175,61,1,0,0,0,0,0
836,746,Wishiwashi,Banco,,,2,11,10,45,140,130,140,135,30,103.33,46.87,620,217,1,0,0,0,0,0
837,747,Mareanie,Estándar,,,1,12,NULL,50,53,62,43,52,45,50.83,6.15,305,61,0,0,1,0,0,0
838,748,Toxapex,Estándar,,,1,12,NULL,50,63,152,53,142,35,82.5,46.43,495,173,0,0,2,0,0,0
839,749,Mudbray,Estándar,,,1,12,NULL,70,100,70,45,55,45,64.17,19.02,385,77,0,1,0,0,0,0
840,750,Mudsdale,Estándar,,,1,8,NULL,100,125,100,55,85,35,83.33,30.09,500,175,0,2,0,0,0,0
841,751,Dewpider,Estándar,,,2,11,12,38,40,52,40,72,27,44.83,14.15,269,54,0,0,0,0,1,0
842,752,Araquanid,Estándar,,,1,10,NULL,68,70,92,50,132,42,75.67,29.79,454,159,0,0,0,0,2,0
843,753,Fomantis,Estándar,,,2,3,2,40,55,35,50,35,35,41.67,7.99,250,50,0,1,0,0,0,0
844,754,Lurantis,Estándar,,,2,3,2,70,105,90,80,90,45,80,18.93,480,168,0,2,0,0,0,0
845,755,Morelull,Estándar,,,2,6,16,40,35,55,65,75,15,47.5,19.95,285,57,0,0,0,0,1,0
846,756,Shiinotic,Estándar,,,2,6,16,60,45,80,90,100,30,67.5,24.79,405,142,0,0,0,0,2,0
847,757,Salandit,Estándar,,,1,2,NULL,48,44,40,71,40,77,53.33,14.96,320,64,0,0,0,0,0,1
848,758,Salazzle,Estándar,,,1,11,NULL,68,64,60,111,60,117,80,24.26,480,168,0,0,0,0,0,2
849,759,Stufful,Estándar,,,1,11,NULL,70,75,50,45,50,50,56.67,11.43,340,68,0,1,0,0,0,0
850,760,Bewear,Estándar,,,2,14,18,120,125,80,55,60,60,83.33,28.82,500,175,0,2,0,0,0,0
851,761,Bounsweet,Estándar,,,1,11,NULL,42,30,38,30,38,32,35,4.58,210,42,1,0,0,0,0,0
852,762,Steenee,Estándar,,,2,7,4,52,40,48,40,48,62,48.33,7.52,290,102,0,0,0,0,0,2
853,763,Tsareena,Estándar,,,2,5,1,72,120,98,50,98,72,85,22.83,510,230,0,3,0,0,0,0
854,764,Comfey,Estándar,,,2,6,8,51,52,90,82,110,100,80.83,22.45,485,170,0,0,0,0,2,0
855,765,Oranguru,Estándar,,,2,2,12,90,60,80,90,110,60,81.67,17.72,490,172,0,0,0,0,2,0
856,766,Passimian,Estándar,,,2,11,4,100,120,90,40,60,80,81.67,26.09,490,172,0,2,0,0,0,0
857,767,Wimpod,Estándar,,,2,6,12,25,35,40,20,30,80,38.33,19.72,230,46,0,0,0,0,0,1
858,768,Golisopod,Estándar,,,1,4,NULL,75,125,140,60,90,40,88.33,34.96,530,186,0,0,2,0,0,0
859,769,Sandygast,Estándar,,,2,4,10,55,55,80,70,45,15,53.33,20.55,320,64,0,0,1,0,0,0
860,770,Palossand,Estándar,,,2,4,10,85,75,110,100,75,35,80,23.8,480,168,0,0,2,0,0,0
861,771,Pyukumuku,Estándar,,,2,5,8,55,60,130,30,130,5,68.33,47.14,410,144,0,0,0,0,2,0
862,772,Código Cero,Estándar,,,2,12,8,95,95,95,95,95,59,89,13.42,534,107,2,0,0,0,0,0
863,773,Silvally,Estándar,,,2,12,8,95,95,95,95,95,95,95,0,570,114,3,0,0,0,0,0
864,774,Minior,Meteorito,,,2,2,8,60,60,100,60,100,60,73.33,18.86,440,154,0,0,1,0,1,0
865,774,Minior,Núcleo,,,1,12,NULL,60,100,60,100,60,120,83.33,24.27,500,175,0,1,0,1,0,0
866,775,Komala,Estándar,,,1,12,NULL,65,115,65,75,95,65,80,18.93,480,168,0,2,0,0,0,0
867,776,Turtonator,Estándar,,,2,12,1,60,78,135,91,85,36,80.83,30.3,485,170,0,0,2,0,0,0
868,777,Togedemaru,Estándar,,,2,12,6,65,98,63,40,73,96,72.5,20.02,435,152,0,2,0,0,0,0
869,778,Mimikyu,Estándar,,,2,14,17,55,90,80,50,105,96,79.33,20.43,476,167,0,0,0,0,2,0
870,779,Bruxish,Estándar,,,2,3,10,68,105,70,70,70,92,79.17,14.19,475,166,0,2,0,0,0,0
871,780,Drampa,Estándar,,,2,3,10,78,60,85,135,91,36,80.83,30.3,485,170,0,0,0,2,0,0
872,781,Dhelmise,Estándar,,,1,5,NULL,70,131,100,86,90,40,86.17,27.72,517,181,0,2,0,0,0,0
873,782,Jangmo-o,Estándar,,,2,1,18,45,55,65,45,45,45,50,7.64,300,60,0,0,1,0,0,0
874,783,Hakamo-o,Estándar,,,2,12,1,55,75,90,65,70,65,70,10.8,420,147,0,0,2,0,0,0
875,784,Kommo-o,Estándar,,,2,15,4,75,110,125,100,105,85,100,16.33,600,270,0,0,3,0,0,0
876,785,Tapu Koko,Estándar,,,1,12,NULL,70,115,85,95,75,130,95,21.41,570,114,0,0,0,0,0,3
877,786,Tapu Lele,Estándar,,,2,1,8,70,85,75,130,115,95,95,21.41,570,114,0,0,0,3,0,0
878,787,Tapu Bulu,Estándar,,,2,10,6,70,130,115,85,95,75,95,21.41,570,114,0,3,0,0,0,0
879,788,Tapu Fini,Estándar,,,1,17,NULL,70,75,115,95,130,85,95,21.41,570,114,0,0,0,0,3,0
880,789,Cosmog,Estándar,,,2,17,4,43,29,31,29,31,37,33.33,5.09,200,40,1,0,0,0,0,0
881,790,Cosmoem,Estándar,,,2,14,1,43,29,131,29,131,37,66.67,45.74,400,80,0,0,1,0,1,0
882,791,Solgaleo,Estándar,,,2,7,6,137,137,107,113,89,97,113.33,18.35,680,136,0,3,0,0,0,0
883,792,Lunala,Estándar,,,1,5,NULL,137,113,89,137,107,97,113.33,18.35,680,136,0,0,0,3,0,0
884,793,Nihilego,Estándar,,,1,1,NULL,109,53,47,127,131,103,95,33.29,570,114,0,0,0,0,3,0
885,794,Buzzwole,Estándar,,,1,1,NULL,107,139,139,53,53,79,95,36.06,570,114,0,1,2,0,0,0
886,795,Pheromosa,Estándar,,,1,12,NULL,71,137,37,137,37,151,95,48.25,570,114,0,0,0,0,0,3
887,796,Xurkitree,Estándar,,,1,12,NULL,83,89,71,173,71,83,95,35.5,570,114,0,0,0,3,0,0
888,797,Celesteela,Estándar,,,1,12,NULL,97,101,103,107,101,61,95,15.49,570,114,0,1,1,1,0,0
889,798,Kartana,Estándar,,,1,7,NULL,59,181,131,59,31,109,95,50.95,570,114,0,3,0,0,0,0
890,799,Guzzlord,Estándar,,,1,7,NULL,223,101,53,97,53,43,95,61.45,570,114,3,0,0,0,0,0
891,800,Necrozma,Estándar,,,1,7,NULL,97,107,101,127,89,79,100,15,600,120,0,1,0,2,0,0
892,800,Necrozma,Melena Crepuscular,,,1,2,NULL,97,157,127,113,109,77,113.33,24.83,680,270,0,3,0,0,0,0
893,800,Necrozma,Alas de Alba,,,1,2,NULL,97,113,109,157,127,77,113.33,24.83,680,270,0,0,0,3,0,0
894,800,Ultra-Necrozma,Estándar,,,1,2,NULL,97,167,97,167,97,129,125.67,31.34,754,270,0,1,0,1,0,1
895,801,Magearna,Estándar,,,1,11,NULL,80,95,115,130,115,65,100,22.36,600,120,0,0,0,3,0,0
896,802,Marshadow,Estándar,,,1,11,NULL,90,125,80,90,90,125,100,18.03,600,120,0,2,0,0,1,0
897,803,Poipole,Estándar,,,1,18,NULL,67,73,67,73,67,73,70,3,420,189,0,0,0,0,0,1
898,804,Naganadel,Estándar,,,1,18,NULL,73,73,73,127,73,121,90,24.1,540,243,0,0,0,3,0,0
899,805,Stakataka,Estándar,,,2,18,1,61,131,211,53,101,13,95,63.81,570,257,0,0,3,0,0,0
900,806,Blacephalon,Estándar,,,1,3,NULL,53,127,53,151,79,107,95,36.72,570,257,0,0,0,3,0,0
901,807,Zeraora,Estándar,,,2,3,12,88,112,75,102,80,143,100,22.97,600,270,0,0,0,0,0,3
902,808,Meltan,Estándar,,,2,3,12,46,65,65,55,35,34,50,12.73,300,135,0,1,0,0,0,0
903,809,Melmetal,Estándar,,,1,15,NULL,135,143,143,80,65,34,100,42.63,600,270,0,3,0,0,0,0
904,810,Grookey,Estándar,,,1,15,NULL,50,65,50,40,40,65,51.67,10.27,310,62,0,0,0,0,1,0
905,811,Thwackey,Estándar,,,1,12,NULL,70,85,70,55,60,80,70,10.41,420,147,0,0,0,0,2,0
906,812,Rillaboom,Estándar,,,1,12,NULL,100,125,90,60,70,85,88.33,20.95,530,265,0,3,0,0,0,0
907,813,Scorbunny,Estándar,,,1,11,NULL,50,71,40,40,40,69,51.67,13.45,310,62,0,0,0,0,0,1
908,814,Raboot,Estándar,,,1,11,NULL,65,86,60,55,60,94,70,14.62,420,147,0,0,0,0,0,2
909,815,Cinderace,Estándar,,,1,2,NULL,80,116,75,65,75,119,88.33,21.12,530,265,0,0,0,0,0,3
910,816,Sobble,Estándar,,,2,2,14,50,40,40,70,40,70,51.67,13.44,310,62,0,0,0,0,1,1
911,817,Drizzile,Estándar,,,1,5,NULL,65,60,55,95,55,90,70,16.33,420,147,0,0,0,2,0,0
912,818,Inteleon,Estándar,,,1,5,NULL,70,85,65,125,65,120,88.33,25.11,530,265,0,0,0,0,0,3
913,819,Skwovet,Estándar,,,1,14,NULL,70,55,55,35,35,25,45.83,15.39,275,55,1,0,0,0,0,0
914,820,Greedent,Estándar,,,2,14,7,120,95,95,55,75,20,76.67,32.23,460,161,2,0,0,0,0,0
915,821,Rookidee,Estándar,,,2,14,7,38,47,35,33,35,57,40.83,8.53,245,49,0,0,0,0,0,1
916,822,Corvisquire,Estándar,,,2,12,4,68,67,55,43,55,77,60.83,11.08,365,128,0,0,0,0,0,2
917,823,Corviknight,Estándar,,,2,12,4,98,87,105,53,85,67,82.5,17.72,495,248,0,0,3,0,0,0
918,824,Blipbug,Estándar,,,2,12,4,25,20,20,25,45,45,30,10.8,180,36,0,0,0,0,1,0
919,825,Dottler,Estándar,,,1,16,NULL,50,35,80,50,90,30,55.83,22.06,335,117,0,0,0,0,2,0
920,826,Orbeetle,Estándar,,,1,16,NULL,60,45,110,80,120,90,84.17,26.21,505,253,0,0,0,0,3,0
921,827,Nickit,Estándar,,,2,18,2,40,28,28,47,52,50,40.83,9.81,245,49,0,0,0,0,1,0
922,828,Thievul,Estándar,,,1,2,NULL,70,58,58,87,92,90,75.83,14.47,455,159,0,0,0,0,2,0
923,829,Gossifleur,Estándar,,,1,2,NULL,40,40,60,40,60,10,41.67,16.75,250,50,0,0,0,0,1,0
924,830,Eldegoss,Estándar,,,2,5,17,60,50,90,80,120,60,76.67,23.57,460,161,0,0,0,0,2,0
925,831,Wooloo,Estándar,,,2,5,17,42,40,55,40,45,48,45,5.29,270,122,0,0,1,0,0,0
926,832,Dubwool,Estándar,,,2,7,3,72,80,100,60,90,88,81.67,12.98,490,172,0,0,2,0,0,0
927,833,Chewtle,Estándar,,,2,7,3,50,64,50,38,38,44,47.33,8.92,284,57,0,1,0,0,0,0
928,834,Drednaw,Estándar,,,1,10,NULL,90,115,90,48,68,74,80.83,20.92,485,170,0,2,0,0,0,0
929,835,Yamper,Estándar,,,1,10,NULL,59,45,50,40,50,26,45,10.26,270,54,1,0,0,0,0,0
930,836,Boltund,Estándar,,,1,6,NULL,69,90,60,90,60,121,81.67,21.55,490,172,0,0,0,0,0,2
931,837,Rolycoly,Estándar,,,1,6,NULL,30,40,50,40,50,30,40,8.16,240,48,0,0,1,0,0,0
932,838,Carkol,Estándar,,,1,12,NULL,80,60,90,60,70,50,68.33,13.44,410,144,0,0,2,0,0,0
933,839,Coalossal,Estándar,,,1,12,NULL,110,80,120,80,90,30,85,28.72,510,255,0,0,3,0,0,0
934,840,Applin,Estándar,,,2,12,8,40,40,80,40,40,20,43.33,17.95,260,52,0,0,1,0,0,0
935,841,Flapple,Estándar,,,2,15,8,70,110,80,95,60,70,80.83,16.94,485,170,0,2,0,0,0,0
936,842,Appletun,Estándar,,,2,15,8,110,85,80,100,80,30,80.83,25.24,485,170,2,0,0,0,0,0
937,843,Silicobra,Estándar,,,2,15,8,52,57,75,35,50,46,52.5,12.12,315,63,0,0,1,0,0,0
938,844,Sandaconda,Estándar,,,2,15,11,72,107,125,65,70,71,85,22.63,510,179,0,0,2,0,0,0
939,845,Cramorant,Estándar,,,1,1,NULL,70,85,55,85,95,85,79.17,13.04,475,166,0,0,0,0,2,0
940,846,Arrokuda,Estándar,,,1,6,NULL,41,63,40,40,30,66,46.67,13.16,280,56,0,0,0,0,0,1
941,847,Barraskewda,Estándar,,,1,10,NULL,61,123,60,60,50,136,81.67,34.23,490,172,0,0,0,0,0,2
942,848,Toxel,Estándar,,,2,9,12,40,38,35,54,35,40,40.33,6.45,242,48,0,0,0,1,0,0
943,849,Toxtricity,Estándar,,,2,16,6,75,98,70,114,70,75,83.67,16.58,502,176,0,0,0,2,0,0
944,850,Sizzlipede,Estándar,,,1,8,NULL,50,65,45,50,50,45,50.83,6.72,305,61,0,1,0,0,0,0
945,851,Centiskorch,Estándar,,,1,8,NULL,100,115,65,90,90,65,87.5,17.97,525,184,0,2,0,0,0,0
946,852,Clobbopus,Estándar,,,1,10,NULL,50,68,60,50,50,32,51.67,11.04,310,62,0,1,0,0,0,0
947,853,Grapploct,Estándar,,,1,5,NULL,80,118,90,70,80,42,80,22.69,480,168,0,2,0,0,0,0
948,854,Sinistea,Estándar,,,2,9,3,40,45,45,74,54,50,51.33,11.04,308,62,0,0,0,1,0,0
949,855,Polteageist,Estándar,,,2,9,3,60,65,65,134,114,70,84.67,28.55,508,178,0,0,0,2,0,0
950,856,Hatenna,Estándar,,,1,14,NULL,42,30,45,56,53,39,44.17,8.67,265,53,0,0,0,1,0,0
951,857,Hattrem,Estándar,,,1,9,NULL,57,40,65,86,73,49,61.67,15.18,370,130,0,0,0,2,0,0
952,858,Hatterene,Estándar,,,2,12,11,57,90,95,136,103,29,85,34.08,510,255,0,0,0,3,0,0
953,859,Impidimp,Estándar,,,2,5,15,45,45,30,55,40,50,44.17,7.86,265,53,0,0,0,1,0,0
954,860,Morgrem,Estándar,,,1,1,NULL,65,60,45,75,55,70,61.67,9.86,370,130,0,0,0,2,0,0
955,861,Grimmsnarl,Estándar,,,1,1,NULL,95,120,65,95,75,60,85,20.62,510,255,0,3,0,0,0,0
956,862,Obstagoon,Estándar,,,2,5,4,93,90,101,60,81,95,86.67,13.35,520,260,0,0,3,0,0,0
957,863,Perrserker,Estándar,,,2,5,9,70,110,100,50,60,50,73.33,23.57,440,154,0,2,0,0,0,0
958,864,Cursola,Estándar,,,2,2,4,60,95,50,145,130,30,85,42.03,510,179,0,0,0,2,0,0
959,865,Sirfetch'd,Estándar,,,2,2,9,62,135,95,68,82,65,84.5,25.25,507,177,0,2,0,0,0,0
960,866,Mr. Rime,Estándar,,,2,1,4,80,85,75,110,100,70,86.67,14.04,520,182,0,0,0,0,3,0
961,867,Runerigus,Estándar,,,2,4,6,58,95,145,50,105,30,80.5,38.64,483,169,0,0,2,0,0,0
962,868,Milcery,Estándar,,,2,4,6,45,40,40,50,61,34,45,8.68,270,54,0,0,0,0,1,0
963,869,Alcremie,Estándar,,,2,4,6,65,60,75,110,121,64,82.5,23.98,495,173,0,0,0,0,2,0
964,870,Falinks,Estándar,,,1,8,NULL,65,100,100,70,60,75,78.33,15.99,470,165,0,0,0,0,1,0
965,871,Pincurchin,Estándar,,,2,8,1,48,101,95,91,85,15,72.5,30.89,435,152,0,2,0,0,0,0
966,872,Snom,Estándar,,,1,10,NULL,30,25,35,45,30,20,30.83,7.86,185,37,0,0,0,1,0,0
967,873,Frosmoth,Estándar,,,2,10,1,70,65,60,125,90,65,79.17,22.62,475,166,0,0,0,2,0,0
968,874,Stonjourner,Estándar,,,2,17,4,100,125,135,20,20,70,78.33,46.07,470,165,0,0,2,0,0,0
969,875,Eiscue,Cara hielo,,,1,10,NULL,75,80,110,65,90,50,78.33,18.86,470,165,0,0,2,0,0,0
970,875,Eiscue,Cara deshielo,,,2,10,15,75,80,70,65,50,130,78.33,24.94,470,165,0,0,2,0,0,0
971,876,Indeedee,Macho,,,2,10,2,60,65,55,105,95,95,79.17,19.67,475,166,0,0,0,2,0,0
972,876,Indeedee,Hembra,,,2,15,12,70,55,65,95,105,85,79.17,17.42,475,166,0,0,0,0,2,0
973,877,Morpeko,Estándar,,,1,5,NULL,58,95,58,70,58,97,72.67,17.05,436,153,0,0,0,0,0,2
974,878,Cufant,Estándar,,,1,4,NULL,72,80,49,40,49,40,55,15.47,330,66,0,1,0,0,0,0
975,879,Copperajah,Estándar,,,1,9,NULL,122,130,69,80,69,30,83.33,34.01,500,175,0,2,0,0,0,0
976,880,Dracozolt,Estándar,,,1,6,NULL,90,100,90,80,70,75,84.17,10.17,505,177,0,2,0,0,0,0
977,881,Arctozolt,Estándar,,,2,12,12,90,100,90,90,80,55,84.17,14.26,505,177,0,2,0,0,0,0
978,882,Dracovish,Estándar,,,2,12,9,90,90,100,70,80,75,84.17,10.17,505,177,0,0,2,0,0,0
979,883,Arctovish,Estándar,,,2,12,6,90,90,100,80,90,55,84.17,14.26,505,177,0,0,2,0,0,0
